id,stratifiedNarrative,stratifiedCommaLabel
1,"﻿某学院的A，B，C三个专业共有1200名学生，为了调查这些学生的勤工俭学的情况，拟采用分层抽样的方法抽取一个容量为120的样本，已知该学院的A专业有380名学生，B专业有420名学生，则该学院的C专业应抽取（    ）名学生。","﻿某学院的A$，B$，C三个专业共有1200名学生#，为了调查这些学生的勤工俭学的情况#，拟采用分层抽样的方法抽取一个容量为120的样本#，已知该学院的A专业有380名学生#，B专业有420名学生#，则该学院的C专业应抽取（    ）名学生。"
2,"某工厂生产甲、乙、丙三种型号的产品，产品数量之比为3：5：7，现用分层抽样的方法抽出容量为n的样本，其中甲种产品有18件，则样本容量n=（    ）。","某工厂生产甲、乙、丙三种型号的产品$，产品数量之比为3：5：7#，现用分层抽样的方法抽出容量为n的样本#，其中甲种产品有18件#，则样本容量n=（    ）。"
3,"某学院有A，B，C三个专业共1200名学生，现采用分层抽样的方法抽取一个容量为120的样本，已知A专业有420名学生，B专业有380名学生，则在C专业应抽取（    ）名学生。","某学院有A$，B$，C三个专业共1200名学生#，现采用分层抽样的方法抽取一个容量为120的样本#，已知A专业有420名学生#，B专业有380名学生#，则在C专业应抽取（    ）名学生。"
4,"某校数学教研组为了解学生学习数学的情况，采用分层抽样的方法从高一600人、高二680人、高三720人中，抽取50人进行问卷调查，则高一、 高二、高三抽取的人数分别是[     ]","某校数学教研组为了解学生学习数学的情况#，采用分层抽样的方法从高一600人、高二680人、高三720人中#，抽取50人进行问卷调查#，则高一、 高二、高三抽取的人数分别是[     ]"
5,沈阳市某高中有高一学生600人，高二学生500人，高三学生550人，现对学生关于消防安全知识了解情况进行分层抽样调查，若抽取了一个容量为n的样本，其中高三学生有11人，则n的值等于（ ）。,沈阳市某高中有高一学生600人#，高二学生500人#，高三学生550人#，现对学生关于消防安全知识了解情况进行分层抽样调查#，若抽取了一个容量为n的样本#，其中高三学生有11人#，则n的值等于（ ）。
6,"某公司生产三种型号的轿车，产量分别为1200辆，6000辆和2000辆，为检验该公司的产品质量，现用分层抽样的方法抽取46辆进行检验，这三种型号的轿车依次应抽取（  ），（  ），（  ）辆。","某公司生产三种型号的轿车$，产量分别为1200辆$，6000辆和2000辆#，为检验该公司的产品质量#，现用分层抽样的方法抽取46辆进行检验#，这三种型号的轿车依次应抽取（  ）$，（  ）$，（  ）辆。"
7,一个单位有职工160人，其中有业务员120人，管理人员24人，后勤服务人员16人，为了了解职工的身体健康状况，要从中抽取一定容量的样本，现用分层抽样的方法得到业务员的人数为15人，那么这个样本的容量为______．,一个单位有职工160人#，其中有业务员120人#，管理人员24人#，后勤服务人员16人#，为了了解职工的身体健康状况#，要从中抽取一定容量的样本#，现用分层抽样的方法得到业务员的人数为15人#，那么这个样本的容量为______．
8,某城市有学校700所，其中大学20所，中学200所，小学480所，现用分层抽样的方法从中抽取一个容量为70的样本进行某项调查，则应抽取的中学数为（　　）,某城市有学校700所#，其中大学20所#，中学200所#，小学480所#，现用分层抽样的方法从中抽取一个容量为70的样本进行某项调查#，则应抽取的中学数为（　　）
9,当前，国家正在分批修建经济适用房以解决低收入家庭住房紧张问题．甲、乙、丙三个社区现分别有低收入家庭150户、200户、100户，若第一批经济适用房中有90套用于解决这三个社区中90户低收入家庭的住房问题，现采用分层抽样的方法决定各社区的户数，则应从甲社区中抽取的低收入家庭的户数为（　　）,当前$，国家正在分批修建经济适用房以解决低收入家庭住房紧张问题．甲、乙、丙三个社区现分别有低收入家庭150户、200户、100户#，若第一批经济适用房中有90套用于解决这三个社区中90户低收入家庭的住房问题#，现采用分层抽样的方法决定各社区的户数#，则应从甲社区中抽取的低收入家庭的户数为（　　）
10,"课题组进行城市空气质量调查，按地域把24个城市分成甲、乙、丙三组，对应城市数之比为1：3：2。若用分层抽样抽取6个城市，则丙组中应抽取的城市数为[  ]","课题组进行城市空气质量调查#，按地域把24个城市分成甲、乙、丙三组$，对应城市数之比为1：3：2。若用分层抽样抽取6个城市#，则丙组中应抽取的城市数为[  ]"
11,"某校有教师300人，其中高级教师90人，中级教师150人，初级教师60人，为了了解教师的健康情况，从中抽取一个40人的样本，按分层抽样的方法抽取，其中高级教师的人数为（    ）。","某校有教师300人#，其中高级教师90人#，中级教师150人#，初级教师60人#，为了了解教师的健康情况#，从中抽取一个40人的样本#，按分层抽样的方法抽取#，其中高级教师的人数为（    ）。"
12,"某校选修乒乓球课程的学生中，高一年级有30名，高二年级有40名，现用分层抽样的方法在这70名学生中抽取一个样本，已知在高一年级的学生中抽取了6名，则在高二年级的学生中应抽取的人数为[ ]
","某校选修乒乓球课程的学生中#，高一年级有30名#，高二年级有40名#，现用分层抽样的方法在这70名学生中抽取一个样本#，已知在高一年级的学生中抽取了6名#，则在高二年级的学生中应抽取的人数为[ ]
"
13,"当前，国家正在分批修建经济适用房已解决低收入家庭住房紧张问题。甲、乙、丙三个社区现分别有低收入家庭150户、200户、100户，若第一批经济适用房中有90套用于解决这三个社区中90户低收入家庭的住房问题，现采用分层抽样的方法决定各社区的户数，则应从乙社区中抽取的低收入家庭的户数为[     ]","当前$，国家正在分批修建经济适用房已解决低收入家庭住房紧张问题。甲、乙、丙三个社区现分别有低收入家庭150户、200户、100户#，若第一批经济适用房中有90套用于解决这三个社区中90户低收入家庭的住房问题#，现采用分层抽样的方法决定各社区的户数#，则应从乙社区中抽取的低收入家庭的户数为[     ]"
14,"某学校有教师150人，其中高级教师15人，中级教师45人，初级教师90人。现按职称分层抽样选出30名教师参加教工代表大会，则选出的高、中、初级教师的人数分别为[     ]","某学校有教师150人#，其中高级教师15人#，中级教师45人#，初级教师90人。现按职称分层抽样选出30名教师参加教工代表大会#，则选出的高、中、初级教师的人数分别为[     ]"
15,"有A、B、C三种零件，其中B种零件300个，C种零件200个，采用分层抽样方法抽取一个容量为45的样本，A种零件被抽取20个，C种零件被抽取10个，三种零件总共有（    ）个。","有A、B、C三种零件#，其中B种零件300个#，C种零件200个#，采用分层抽样方法抽取一个容量为45的样本#，A种零件被抽取20个#，C种零件被抽取10个#，三种零件总共有（    ）个。"
16,"某电视台在因特网上就观众对某一节目的喜欢程度进行调查，参加调查的人数为20000人，其中持“最喜欢”、“喜欢”、“一般”和“不喜欢”态度的人数分别为4817、7188、6392、1603，电视台为了了解观众的具体想法和意见，打算从中抽出100人进行更为详细的调查，为此要进行分层抽样，那么在分层抽样时，每类人中各应抽出的人数近似为[     ]","某电视台在因特网上就观众对某一节目的喜欢程度进行调查#，参加调查的人数为20000人#，其中持“最喜欢”、“喜欢”、“一般”和“不喜欢”态度的人数分别为4817、7188、6392、1603#，电视台为了了解观众的具体想法和意见#，打算从中抽出100人进行更为详细的调查#，为此要进行分层抽样#，那么在分层抽样时$，每类人中各应抽出的人数近似为[     ]"
17,"某单位共有老、中、青职工430人，其中青年职工160人，中年职工人数是老年职工人数的2倍。为了解职工身体状况，现采用分层抽样方法进行调查，在抽取的样本中有青年职工32人，则该样本中的老年职工人数为[     ]","某单位共有老、中、青职工430人#，其中青年职工160人#，中年职工人数是老年职工人数的2倍。为了解职工身体状况#，现采用分层抽样方法进行调查#，在抽取的样本中有青年职工32人#，则该样本中的老年职工人数为[     ]"
18,为了解某市800家企业的管理情况，拟抽取40家企业作为样本进行调查，这800家企业中有外资企业160家，私营企业320家，国有企业240家，其他性质企业80家，如何抽取较合理？,为了解某市800家企业的管理情况#，拟抽取40家企业作为样本进行调查#，这800家企业中有外资企业160家#，私营企业320家#，国有企业240家#，其他性质企业80家#，如何抽取较合理？
19,"经问卷调查，某班学生对摄影分别执“喜欢”、“不喜欢”和“一般”三种态度，其中执 “一般”态度的比“不喜欢”态度的多12人，按分层抽样方法从全班选出部分学生座谈摄影，如果选出的5位“喜欢”摄影的同学、1位“不喜欢”摄影的同学和3位执“一般”态度的同学，那么全班学生中“喜欢”摄影的比全班人数的一半还多（    ）人。","经问卷调查$，某班学生对摄影分别执“喜欢”、“不喜欢”和“一般”三种态度#，其中执 “一般”态度的比“不喜欢”态度的多12人#，按分层抽样方法从全班选出部分学生座谈摄影#，如果选出的5位“喜欢”摄影的同学、1位“不喜欢”摄影的同学和3位执“一般”态度的同学#，那么全班学生中“喜欢”摄影的比全班人数的一半还多（    ）人。"
20,"设甲、乙、丙三个加工厂共生产玩具6000件，其中甲厂生产了1440件，现采用分层抽样的方法从三个加工厂抽取一个容量为500件的样本进行质量检测，则应从甲加工厂抽取（    ）件玩具。","设甲、乙、丙三个加工厂共生产玩具6000件#，其中甲厂生产了1440件#，现采用分层抽样的方法从三个加工厂抽取一个容量为500件的样本进行质量检测#，则应从甲加工厂抽取（    ）件玩具。"
21,"一个公司共有1000名员工，下设一些部门，要采用分层抽样方法从全体员工中抽取一个容量为50的样本，已知某部门有200名员工，那么从该部门抽取的工人数是（  ）。","一个公司共有1000名员工#，下设一些部门#，要采用分层抽样方法从全体员工中抽取一个容量为50的样本#，已知某部门有200名员工#，那么从该部门抽取的工人数是（  ）。"
22,"某地区有小学150所，中学75所，大学25所．先采用分层抽样的方法从这些学校中抽取30所学校对学生进行视力调查，应从小学中抽取（    ）所学校，中学中抽取（    ）所学校。","某地区有小学150所#，中学75所#，大学25所．先采用分层抽样的方法从这些学校中抽取30所学校对学生进行视力调查#，应从小学中抽取（    ）所学校#，中学中抽取（    ）所学校。"
23,某单位有职工1000人，其中青年职工450人，中年职工350人，老年职工200人，为了了解该单位职工的健康情况，用分层抽样的方法从中抽取样本，若样本中的中年职工为7人，则样本容量为（　　）,某单位有职工1000人#，其中青年职工450人#，中年职工350人#，老年职工200人#，为了了解该单位职工的健康情况#，用分层抽样的方法从中抽取样本#，若样本中的中年职工为7人#，则样本容量为（　　）
24,"某公司生产三种型号的轿车，产量分别为A型号1200辆、B型号6000辆和C型号2000辆. 为检验这三种型号轿车的质量，现用分层抽样的方法抽取46辆进行检验，那么C型号的轿车应抽取（    ）辆。","某公司生产三种型号的轿车$，产量分别为A型号1200辆、B型号6000辆和C型号2000辆. 为检验这三种型号轿车的质量#，现用分层抽样的方法抽取46辆进行检验#，那么C型号的轿车应抽取（    ）辆。"
25,"某年级有三个班级，人数分别为45、50、55，为加强班级学生民主化管理，拟就某项决策进行问卷调查，按分层抽样的方法抽取30人，则各个班级被抽取的人数分别为（    ）。","某年级有三个班级$，人数分别为45、50、55#，为加强班级学生民主化管理#，拟就某项决策进行问卷调查#，按分层抽样的方法抽取30人#，则各个班级被抽取的人数分别为（    ）。"
26,"某中学有学生3000人，其中高一、高三学生的人数是1200人、800人，为了解学生的视力情况，采用按年级分层抽样的方法，从该校学生中抽取一个480人的样本，则样本中高一、高二学生的人数共有多少人[     ]","某中学有学生3000人#，其中高一、高三学生的人数是1200人、800人#，为了解学生的视力情况#，采用按年级分层抽样的方法$，从该校学生中抽取一个480人的样本#，则样本中高一、高二学生的人数共有多少人[     ]"
27,"倡导绿色天津，崇尚健康生活。为打造绿色天津，某林业部门引进一批小叶榕、松柏、梧桐三种树苗，其数量之比为2：3：5，现用分层抽样方法抽出一个容量为n的样本，如果抽出的样本中小叶榕树苗有80棵，那么此样本的容量n=（    ）。","倡导绿色天津$，崇尚健康生活。为打造绿色天津#，某林业部门引进一批小叶榕、松柏、梧桐三种树苗$，其数量之比为2：3：5#，现用分层抽样方法抽出一个容量为n的样本#，如果抽出的样本中小叶榕树苗有80棵#，那么此样本的容量n=（    ）。"
28,"某校对全校男女学生共1600名进行健康调查，选用分层抽样法抽取一个容量为200的样本，已知女生比男生少抽了10人，则该校的女生人数应是（    ）人。","某校对全校男女学生共1600名进行健康调查#，选用分层抽样法抽取一个容量为200的样本#，已知女生比男生少抽了10人#，则该校的女生人数应是（    ）人。"
29,某校高中生共有900人，其中高一年级300人，高二年级200人，高三年级400人，现采用分层抽样法抽取一个容量为45的样本，那么从高一、高二、高三各年级抽取人数分别为______．,某校高中生共有900人#，其中高一年级300人#，高二年级200人#，高三年级400人#，现采用分层抽样法抽取一个容量为45的样本#，那么从高一、高二、高三各年级抽取人数分别为______．
30,"经问卷调查，某班学生对摄影分别持“喜欢”、“不喜欢”和“一般”三种态度，其中持“一般”态度的学生比持“不喜欢”的学生多12人，按分层抽样的方法（抽样过程中不需要剔除个体）从全班选出部分学生进行关于摄影的座谈．若抽样得出的9位同学中有5位持“喜欢”态度的同学，1位持“不喜欢”态度的同学和3位持“一般”态度的同学，则全班持“喜欢”态度的同学人数为[  ]","经问卷调查$，某班学生对摄影分别持“喜欢”、“不喜欢”和“一般”三种态度#，其中持“一般”态度的学生比持“不喜欢”的学生多12人#，按分层抽样的方法（抽样过程中不需要剔除个体）从全班选出部分学生进行关于摄影的座谈．若抽样得出的9位同学中有5位持“喜欢”态度的同学$，1位持“不喜欢”态度的同学和3位持“一般”态度的同学#，则全班持“喜欢”态度的同学人数为[  ]"
31,一所中学有高一、高二、高三学生共1600名，其中高三学生400名．如果通过分层抽样的方法从全体高中学生中抽取一个160人的样本，那么应当从高三年级的学生中抽取的人数是______．,一所中学有高一、高二、高三学生共1600名#，其中高三学生400名．如果通过分层抽样的方法从全体高中学生中抽取一个160人的样本#，那么应当从高三年级的学生中抽取的人数是______．
32,"在1000个球中有红球50个，从中抽取100个进行分析，如果用分层抽样的方法对球进行抽样，则应抽红球[     ]","在1000个球中有红球50个#，从中抽取100个进行分析#，如果用分层抽样的方法对球进行抽样#，则应抽红球[     ]"
33,一个单位有职工500人，其中不到35岁的有125人，35岁至49岁的有280人，50岁及50岁以上的有95人，为了了解这个单位职工与身体状态有关的某项指标，要从中抽取100名职工作为样本，职工年龄与这项指标有关，应该怎样抽取？,一个单位有职工500人#，其中不到35岁的有125人#，35岁至49岁的有280人#，50岁及50岁以上的有95人#，为了了解这个单位职工与身体状态有关的某项指标#，要从中抽取100名职工作为样本#，职工年龄与这项指标有关#，应该怎样抽取？
34,"某中学高一年级有540人，高二年级有440人，高三年级有420人，用分层抽样的方法抽取样本容量为70的样本，则高一、高二、高三三个年级分别抽取[     ]","某中学高一年级有540人#，高二年级有440人#，高三年级有420人#，用分层抽样的方法抽取样本容量为70的样本#，则高一、高二、高三三个年级分别抽取[     ]"
35,"某学校共有老、中、青职工200人，其中有老年职工60人，中年职工人数与青年职工人数相等，现采用分层抽样的方法抽取部分职工进行调查，已知抽取的老年职工有12人，则抽取的青年职工应有[  ]","某学校共有老、中、青职工200人#，其中有老年职工60人#，中年职工人数与青年职工人数相等#，现采用分层抽样的方法抽取部分职工进行调查#，已知抽取的老年职工有12人#，则抽取的青年职工应有[  ]"
36,"一个公司有240名员工，下设一些部门，要采用分层抽样的方法从全体员工中抽取一个容量为20的样本，已知某部门有60名员工，那么从这一部门抽取的员工人数是（    ）。","一个公司有240名员工#，下设一些部门#，要采用分层抽样的方法从全体员工中抽取一个容量为20的样本#，已知某部门有60名员工#，那么从这一部门抽取的员工人数是（    ）。"
37,"某学校高三年级有男生300人，女生360人，为调查他们对某项活动的满意程度，拟采用分层抽样的方法，从高三全体学生中抽出一个容量为55的样本，其中应抽取的女生人数为（    ）。","某学校高三年级有男生300人#，女生360人#，为调查他们对某项活动的满意程度#，拟采用分层抽样的方法$，从高三全体学生中抽出一个容量为55的样本#，其中应抽取的女生人数为（    ）。"
38,"﻿某校有学生1000人，其中高一学生400人，为调查学生了解消防知识的现状，采用按年级分层抽样的方法，从该校学生中抽取一个40人的样本，那么样本中高一学生的人数为[     ]","﻿某校有学生1000人#，其中高一学生400人#，为调查学生了解消防知识的现状#，采用按年级分层抽样的方法$，从该校学生中抽取一个40人的样本#，那么样本中高一学生的人数为[     ]"
39,"某中学高中部有三个年级，其中高一年级有学生400人，采用分层抽样法抽取一个容量为45的样本，高二年级抽取15人，高三年级抽取10人，那么高中部的学生数为（    ）．

","某中学高中部有三个年级#，其中高一年级有学生400人#，采用分层抽样法抽取一个容量为45的样本#，高二年级抽取15人#，高三年级抽取10人#，那么高中部的学生数为（    ）．

"
40,"将一个总体为A、B、C三层，其个体数之比为5：3：2．若用分层抽样方法抽取容量为100的样本，则应从C中抽取（    ）个个体．
","将一个总体为A、B、C三层$，其个体数之比为5：3：2．若用分层抽样方法抽取容量为100的样本#，则应从C中抽取（    ）个个体．
"
41,"课题组进行城市空气质量调查，按地域把24个城市分成甲、乙、丙三组，对应城市数之比为1：3：2．若用分层抽样抽取6个城市，则丙组中应抽取的城市数为[     ]

","课题组进行城市空气质量调查#，按地域把24个城市分成甲、乙、丙三组$，对应城市数之比为1：3：2．若用分层抽样抽取6个城市#，则丙组中应抽取的城市数为[     ]

"
42,"某高三年级共有学生1750名，为了调查学生的身体健康状况，采用分层抽样法抽取一个容量为250的样本．已知样本容量中女生比男生少20人，则该校的女生人数是（    ）人．
","某高三年级共有学生1750名#，为了调查学生的身体健康状况#，采用分层抽样法抽取一个容量为250的样本．已知样本容量中女生比男生少20人#，则该校的女生人数是（    ）人．
"
43,"某单位有青年职工160人，中年职工人数是老年职工人数的2倍，老、中、青职工共有430人．为了解职工身体状况，现采用分层抽样方法进行调查，在抽取的样本中有青年职工32人，则该样本中的老年职工人数为 [     ]

","某单位有青年职工160人#，中年职工人数是老年职工人数的2倍#，老、中、青职工共有430人．为了解职工身体状况#，现采用分层抽样方法进行调查#，在抽取的样本中有青年职工32人#，则该样本中的老年职工人数为 [     ]

"
44,"某市A、B、C三所学校共有高三文科学生1200人，且A、B、C三校的高三文科学生人数成等差数列，在高三第一学期期末的全市联考后，准备用分层抽样的方法从所有高三文科学生中抽取容量为120的样本，进行成绩分析，则应从B校学生中抽取（    ）人
","某市A、B、C三所学校共有高三文科学生1200人#，且A、B、C三校的高三文科学生人数成等差数列#，在高三第一学期期末的全市联考后#，准备用分层抽样的方法从所有高三文科学生中抽取容量为120的样本$，进行成绩分析#，则应从B校学生中抽取（    ）人
"
45,"若工厂生产A、B、C三种不同型号的产品，产品数量之比依次为3：4：7．现用分层抽样方法抽出一个容量为n的样本，样本中B型号产品有28件，那么样本的容量n=[     ]

","若工厂生产A、B、C三种不同型号的产品$，产品数量之比依次为3：4：7．现用分层抽样方法抽出一个容量为n的样本#，样本中B型号产品有28件#，那么样本的容量n=[     ]

"
46,"某校有学生4500人，其中高三学生1500人．为了解学生的身体素质情况，采用按年级分层抽样的方法，从该校学生中抽取一个300人的样本．则样本中高三学生的人数为[     ]

","某校有学生4500人#，其中高三学生1500人．为了解学生的身体素质情况#，采用按年级分层抽样的方法$，从该校学生中抽取一个300人的样本．则样本中高三学生的人数为[     ]

"
47,"甲校有3600名学生，乙校有5400名学生，丙校有1800名学生，为统计三校学生某方面的情况，计划采用分层抽样法，抽取一个样本容量为90人的样本，应在这三校分别抽取学生[     ]

","甲校有3600名学生#，乙校有5400名学生#，丙校有1800名学生#，为统计三校学生某方面的情况#，计划采用分层抽样法$，抽取一个样本容量为90人的样本#，应在这三校分别抽取学生[     ]

"
48,"某单位有职工161人，其中业务员有104人，管理人员33人，后勤服务人员24人，现用分层抽样法从中抽取一容量为20的样本，则抽取管理人员（　　）


","某单位有职工161人#，其中业务员有104人#，管理人员33人#，后勤服务人员24人#，现用分层抽样法从中抽取一容量为20的样本#，则抽取管理人员（　　）


"
49,"某单位有职工100人，不到35岁的有45人，35岁到49岁的25人，剩下的为50岁以上的人，现在抽取20人进行分层抽样，各年龄段人数分别是[     ]
","某单位有职工100人#，不到35岁的有45人#，35岁到49岁的25人#，剩下的为50岁以上的人#，现在抽取20人进行分层抽样#，各年龄段人数分别是[     ]
"
50,"某校老、中、青老师的人数分别为80、160、240．现要用分层抽样的方法抽取容量为60的样本参加普通话测试，则应抽取的中年老师的人数为（    ）．

","某校老、中、青老师的人数分别为80、160、240．现要用分层抽样的方法抽取容量为60的样本参加普通话测试#，则应抽取的中年老师的人数为（    ）．

"
51,"一支田径运动队有男运动员56人，女运动员42人．现用分层抽样的方法抽取若干人，若抽取的男运动员有8人，则抽取的女运动员有（    ）人。

","一支田径运动队有男运动员56人#，女运动员42人．现用分层抽样的方法抽取若干人#，若抽取的男运动员有8人#，则抽取的女运动员有（    ）人。

"
52,"某个年级有男生560人，女生420人，用分层抽样的方法从该年级全体学生中抽取一个容量为280的样本，则此样本中男生人数为（    ）。

","某个年级有男生560人#，女生420人#，用分层抽样的方法从该年级全体学生中抽取一个容量为280的样本#，则此样本中男生人数为（    ）。

"
53,"用分层抽样的方法从某高中学校学生中抽取一个容量为55的样本参加问卷调查，其中高一年级、高二年级分别抽取10人、25人．若该校高三年级共有学生400人，则该校高一和高二年级的学生总数为（    ）人．
","用分层抽样的方法从某高中学校学生中抽取一个容量为55的样本参加问卷调查#，其中高一年级、高二年级分别抽取10人、25人．若该校高三年级共有学生400人#，则该校高一和高二年级的学生总数为（    ）人．
"
54,"某所大学的计算机工程学院的大一新生有160人，其中男生95人，女生65人，现在要抽取一个容量为20的样本，若用分层抽样，女生应抽取（    ）人

","某所大学的计算机工程学院的大一新生有160人#，其中男生95人#，女生65人#，现在要抽取一个容量为20的样本#，若用分层抽样#，女生应抽取（    ）人

"
55,"某公司现有职员160人，中级管理人员30人，高级管理人员10人，要从其中抽取20个人进行身体健康检查，如果采用分层抽样的方法，则职员、中级管理人员和高级管理人员各应该抽取多少[     ]

","某公司现有职员160人#，中级管理人员30人#，高级管理人员10人#，要从其中抽取20个人进行身体健康检查#，如果采用分层抽样的方法#，则职员、中级管理人员和高级管理人员各应该抽取多少[     ]

"
56,"一个单位有职工800人，其中具有高级职称的160人，具有中级职称的320人，具有初级职称的200人，其余人员120人，为了解职工收入情况，决定采用分层抽样的方法从中抽取样本．若样本中具有初级职称的职工为10人，则样本容量为（　　）


","一个单位有职工800人#，其中具有高级职称的160人#，具有中级职称的320人#，具有初级职称的200人#，其余人员120人#，为了解职工收入情况$，决定采用分层抽样的方法从中抽取样本．若样本中具有初级职称的职工为10人#，则样本容量为（　　）


"
57,"某校高三有1000个学生，高二有1200个学生，高一有1500个学生，现按年级分层抽样，调查学生的视力情况，若高一抽取75人，则全校共抽取（    ）

","某校高三有1000个学生#，高二有1200个学生#，高一有1500个学生#，现按年级分层抽样$，调查学生的视力情况#，若高一抽取75人#，则全校共抽取（    ）

"
58,"用分层抽样的方法，从某学校的高中学生中抽取一个容量为45的样本，其中高一年级抽取20人，高三年级抽取10人，又已知该校高二年级学生300人，则该校高中学生的总人数为（    ）

","用分层抽样的方法$，从某学校的高中学生中抽取一个容量为45的样本#，其中高一年级抽取20人#，高三年级抽取10人#，又已知该校高二年级学生300人#，则该校高中学生的总人数为（    ）

"
59,"某校高三680名学生(其中男生360名、女生320名)在学术报告厅听了应考心理讲座,为了解有关情况,学校用分层抽样的方法抽取了一个样本,已知该样本中的女生人数为16名,那么该样本中的男生人数为[     ]


","某校高三680名学生(其中男生360名、女生320名)在学术报告厅听了应考心理讲座#,为了解有关情况#,学校用分层抽样的方法抽取了一个样本#,已知该样本中的女生人数为16名#,那么该样本中的男生人数为[     ]


"
60,"﻿总体已经分成A，B，C三层，A，B，C三层个体数之比为2：3：5，现从总体中抽取容量为20的一个样本，已知A层中用简单随机抽样抽取样本时，甲被抽到的概率为1/4，则总体的个体个数为（　　）

","﻿总体已经分成A$，B$，C三层#，A$，B$，C三层个体数之比为2：3：5#，现从总体中抽取容量为20的一个样本#，已知A层中用简单随机抽样抽取样本时$，甲被抽到的概率为1/4#，则总体的个体个数为（　　）

"
61,"某公司有员工150人，其中50岁以上的有15人，35--49岁的有45人，不到35岁的有90人．为了调查员工的身体健康状况，采用分层抽样方法从中抽取30名员工，则各年龄段人数分别为（　　）
","某公司有员工150人#，其中50岁以上的有15人#，35--49岁的有45人#，不到35岁的有90人．为了调查员工的身体健康状况#，采用分层抽样方法从中抽取30名员工#，则各年龄段人数分别为（　　）
"
62,"一支田径队有男运动员112人，女运动员84人，用分层抽样的方法从全体男运动员中抽出了32人，则应该从女运动员中抽出的人数为（　　）
","一支田径队有男运动员112人#，女运动员84人#，用分层抽样的方法从全体男运动员中抽出了32人#，则应该从女运动员中抽出的人数为（　　）
"
63,"为了了解某社区居民是否准备收看奥运会开幕式，某记者分别从社区的60～70岁，40～50岁，20～30岁的三个年龄段中的160，240，X人中，采用分层抽样的方法共抽出了30人进行调查，若60～70岁这个年龄段中抽查了8人，那么x为（　　）

","为了了解某社区居民是否准备收看奥运会开幕式#，某记者分别从社区的60～70岁$，40～50岁$，20～30岁的三个年龄段中的160$，240$，X人中#，采用分层抽样的方法共抽出了30人进行调查#，若60～70岁这个年龄段中抽查了8人#，那么x为（　　）

"
64,"某校现有高一学生210人，高二学生270人，高三学生300人，学校学生会用分层抽样的方法从这三个年级的学生中随机抽取n名学生进行问卷调查，如果已知从高一学生中抽取的人数为7，那么从高三学生中抽取的人数应为（　　）


","某校现有高一学生210人#，高二学生270人#，高三学生300人#，学校学生会用分层抽样的方法从这三个年级的学生中随机抽取n名学生进行问卷调查#，如果已知从高一学生中抽取的人数为7#，那么从高三学生中抽取的人数应为（　　）


"
65,"某校有老师300人，男学生1200人，女学生1000人．现用分层抽样的方法从所有师生中抽取一个容量为n的样本，已知从女学生中抽取的人数为80，则n=（　　）

","某校有老师300人#，男学生1200人#，女学生1000人．现用分层抽样的方法从所有师生中抽取一个容量为n的样本#，已知从女学生中抽取的人数为80#，则n=（　　）

"
66,"某市有大型、中型与小型商店共1500家，它们的家数之比为1∶5∶9。用分层抽样抽取其中的30家进行调查，则中型商店应抽出（）家。
","某市有大型、中型与小型商店共1500家$，它们的家数之比为1∶5∶9。用分层抽样抽取其中的30家进行调查#，则中型商店应抽出（）家。
"
67,"某学校有初中生1100人，高中生900人，教师100人，现对学校的师生进行样本容量为n的分层抽样调查，已知抽取的高中生为60人，则样本容量n=______．
","某学校有初中生1100人#，高中生900人#，教师100人#，现对学校的师生进行样本容量为n的分层抽样调查#，已知抽取的高中生为60人#，则样本容量n=______．
"
68,某大学有三个系，A系有10名教师，B系有20名教师，C系有30名教师，甲是B系主任，如果学校决定采用分层抽样的方法选举6位教师组成“教授联席会”，那么，甲被选中的概率为（　　）,某大学有三个系#，A系有10名教师#，B系有20名教师#，C系有30名教师#，甲是B系主任#，如果学校决定采用分层抽样的方法选举6位教师组成“教授联席会”#，那么$，甲被选中的概率为（　　）
69,"国家准备出台调整个人收入所得税方面的政策，各地举行各行业收入的入户调查．某住宅小区约有公务员120人，公司职员200人，教师80人，现采用分层抽样的方法抽取容量为20人的样本进行调查，则公务员、公司职员、教师各抽取的人数为______．
","国家准备出台调整个人收入所得税方面的政策#，各地举行各行业收入的入户调查．某住宅小区约有公务员120人#，公司职员200人#，教师80人#，现采用分层抽样的方法抽取容量为20人的样本进行调查#，则公务员、公司职员、教师各抽取的人数为______．
"
70,"某社区对居民进行上海世博会知晓情况分层抽样调查．已知该社区的青年人、中年人和老年人分别有800人、1600人、1400人，若在老年人中的抽样人数是79，则在中年人中的抽样人数应该是______．
","某社区对居民进行上海世博会知晓情况分层抽样调查．已知该社区的青年人、中年人和老年人分别有800人、1600人、1400人#，若在老年人中的抽样人数是79#，则在中年人中的抽样人数应该是______．
"
71,"﻿某市有400家超市，其中大型超市有40家，中型超市有120家，小型超市有240家．为了掌握各超市的营业情况，要从中抽取一个容量为20的样本．若采用分层抽样的方法，抽取的中型超市数是（　　）
","﻿某市有400家超市#，其中大型超市有40家#，中型超市有120家#，小型超市有240家．为了掌握各超市的营业情况#，要从中抽取一个容量为20的样本．若采用分层抽样的方法#，抽取的中型超市数是（　　）
"
72,"某市有大型超市200家、中型超市400家、小型超市1400家．为掌握各类超市的营业情况，现按分层抽样方法抽取一个容量为100的样本，应抽取中型超市（    ）家
","某市有大型超市200家、中型超市400家、小型超市1400家．为掌握各类超市的营业情况#，现按分层抽样方法抽取一个容量为100的样本#，应抽取中型超市（    ）家
"
73,"某学校高一、高二、高三年级的学生人数之比为3：3：4，现用分层抽样的方法从该校高中三个年级的学生中抽取容量为50的样本，则应从高二年级抽取（    ）名学生。
","某学校高一、高二、高三年级的学生人数之比为3：3：4#，现用分层抽样的方法从该校高中三个年级的学生中抽取容量为50的样本#，则应从高二年级抽取（    ）名学生。
"
74,"某单位有职工750人，其中，青年职工350人，中年职工250人，为了解单位职工健康情况，现用分层抽样的方法抽取样本，若样本中的青年职工为7人，则样本中的中年职工人数为（　　）


","某单位有职工750人#，其中$，青年职工350人#，中年职工250人#，为了解单位职工健康情况#，现用分层抽样的方法抽取样本#，若样本中的青年职工为7人#，则样本中的中年职工人数为（　　）


"
75,"为了抗震救灾，现要在学生人数比例为2：3：5的A、B、C三所高校中，用分层抽样方法抽取n名志愿者，若在A高校恰好抽出了6名志愿者，那么n=______．

","为了抗震救灾#，现要在学生人数比例为2：3：5的A、B、C三所高校中#，用分层抽样方法抽取n名志愿者#，若在A高校恰好抽出了6名志愿者#，那么n=______．

"
76,一所中学有高一、高二、高三共三个年级的学生1600名，其中高三学生400名．如果通过分层抽样的方法从全体高中学生中抽取一个容量为80人的样本，那么应当从高三年级的学生中抽取的人数是（　　）,一所中学有高一、高二、高三共三个年级的学生1600名#，其中高三学生400名．如果通过分层抽样的方法从全体高中学生中抽取一个容量为80人的样本#，那么应当从高三年级的学生中抽取的人数是（　　）
77,某单位青年职工、中年职工、老年职工的人数之比为7：5：3，为了了解该单位职工的健康情况，用分层抽样的方法从中抽取样本．若样本中的青年职工为14人，则样本容量为（　　）,某单位青年职工、中年职工、老年职工的人数之比为7：5：3#，为了了解该单位职工的健康情况#，用分层抽样的方法从中抽取样本．若样本中的青年职工为14人#，则样本容量为（　　）
78,"某班学生中喜爱看综艺类节目的有18人，体育类节目的有27人，时政类节目的有9人，现采取分层抽样的方法从这些学生中抽取6名学生．求应从喜爱看综艺类节目、体育类节目、时政类节目的学生中抽取的人数.
","某班学生中喜爱看综艺类节目的有18人#，体育类节目的有27人#，时政类节目的有9人#，现采取分层抽样的方法从这些学生中抽取6名学生．求应从喜爱看综艺类节目、体育类节目、时政类节目的学生中抽取的人数.
"
79,"某企业甲、乙、丙三个生产车间的职工人数分别为120人，150人，180人，现用分层抽样的方法抽出一个容量为n的样本，样本中甲车间有4人，那么此样本的容量n=______．
","某企业甲、乙、丙三个生产车间的职工人数分别为120人$，150人$，180人#，现用分层抽样的方法抽出一个容量为n的样本#，样本中甲车间有4人#，那么此样本的容量n=______．
"
80,"某校选修乒乓球课程的学生中，高一年级有40名，高二年级有50名，现用分层抽样的方法在这90名学生中抽取一个样本，已知在高一年级的学生中抽取了8名，则在高二年级的学生中应抽取的人数为______．
","某校选修乒乓球课程的学生中#，高一年级有40名#，高二年级有50名#，现用分层抽样的方法在这90名学生中抽取一个样本#，已知在高一年级的学生中抽取了8名#，则在高二年级的学生中应抽取的人数为______．
"
81,"从四个公司按分层抽样的方法抽取职工参加知识竞赛，其中甲公司共有职工96人．若从甲、乙、丙、丁四个公司抽取的职工人数分别为12，21，25，43，则这四个公司的总人数为（　　）
","从四个公司按分层抽样的方法抽取职工参加知识竞赛#，其中甲公司共有职工96人．若从甲、乙、丙、丁四个公司抽取的职工人数分别为12$，21$，25$，43#，则这四个公司的总人数为（　　）
"
82,"某村有桃树与苹果树若干，现在用分层抽样的方法抽取了桃树与苹果树总数的10%，其中桃树50棵，苹果树80棵，则这个村的苹果树共有（　　）
","某村有桃树与苹果树若干#，现在用分层抽样的方法抽取了桃树与苹果树总数的10%#，其中桃树50棵#，苹果树80棵#，则这个村的苹果树共有（　　）
"
83,"﻿从某社区150户高收入家庭，360户中等收入家庭，90户低收入家庭中，用分层抽样法选出100户调查社会购买力的某项指标，则三种家庭应分别抽取的户数依次为（　　）

","﻿从某社区150户高收入家庭#，360户中等收入家庭#，90户低收入家庭中#，用分层抽样法选出100户调查社会购买力的某项指标#，则三种家庭应分别抽取的户数依次为（　　）

"
84,"﻿某校500名学生中，O型血有200人，A型血有125人，B型血有125人，AB型血有50人，为了研究血型与色弱的关系，需从中抽取一个容量为20的样本．按照分层抽样方法抽取样本，各种血型的人分别抽多少？
S","﻿某校500名学生中#，O型血有200人#，A型血有125人#，B型血有125人#，AB型血有50人#，为了研究血型与色弱的关系#，需从中抽取一个容量为20的样本．按照分层抽样方法抽取样本#，各种血型的人分别抽多少？
S"
85,某市A、B、C三个区共有高中学生20000人，其中A区高中学生7000人，现采用分层抽样的方法从这三个区所有高中学生中抽取一个容量为600人的样本进行学习兴趣调查，则A区应抽取（　　）,某市A、B、C三个区共有高中学生20000人#，其中A区高中学生7000人#，现采用分层抽样的方法从这三个区所有高中学生中抽取一个容量为600人的样本进行学习兴趣调查#，则A区应抽取（　　）
86,"某工厂生产A、B、C三种不同型号的产品，产品数量之比依次为2：3：4，现用分层抽样方法抽出一个容量为n的样本，其中A型号产品有16件，那么此样品容量为n=______．
","某工厂生产A、B、C三种不同型号的产品$，产品数量之比依次为2：3：4#，现用分层抽样方法抽出一个容量为n的样本#，其中A型号产品有16件#，那么此样品容量为n=______．
"
87,"高二某个文科班有男同学10人，女同学40人，现用分层抽样的方法抽取10个同学参加问卷调查，则应抽取男同学______人，女同学______人．
","高二某个文科班有男同学10人#，女同学40人#，现用分层抽样的方法抽取10个同学参加问卷调查#，则应抽取男同学______人#，女同学______人．
"
88,"一个工厂有若干个车间，今采用分层抽样方法从全厂某天的2048件产品中抽取一个容量为128的样本进行质量检查，若某一车间这一天生产256件产品，则从这个车间抽取的产品件数为______．
","一个工厂有若干个车间#，今采用分层抽样方法从全厂某天的2048件产品中抽取一个容量为128的样本进行质量检查#，若某一车间这一天生产256件产品#，则从这个车间抽取的产品件数为______．
"
89,"某学校对学生进行眼睛视力调查，采用分层抽样法抽取，该中学共有学生2000名，抽取一个容量为200的 样本，已知男生比女生多抽了10人，则该校的女生人数应是______人．
","某学校对学生进行眼睛视力调查#，采用分层抽样法抽取#，该中学共有学生2000名#，抽取一个容量为200的 样本#，已知男生比女生多抽了10人#，则该校的女生人数应是______人．
"
90,"某公司有职员150人，中级管理人员40人，高级管理人员10人，要从这200人中抽取40人进行身体检查，如果采用分层抽样的方法，则职员、中级管理人员、高级管理人员各应抽取的人数为（　　）
","某公司有职员150人#，中级管理人员40人#，高级管理人员10人#，要从这200人中抽取40人进行身体检查#，如果采用分层抽样的方法#，则职员、中级管理人员、高级管理人员各应抽取的人数为（　　）
"
91,"某林场有树苗30000棵，其中松树苗4000棵．为调查树苗的生长情况，采用分层抽样的方法抽取一个容量为150的样本，则样本中松树苗的数量为（　　）
","某林场有树苗30000棵#，其中松树苗4000棵．为调查树苗的生长情况#，采用分层抽样的方法抽取一个容量为150的样本#，则样本中松树苗的数量为（　　）
"
92,"﻿一个单位的职工有500人，其中不到35岁的有125人，35～49岁的有280人，50岁以上的有95人．为了了解该单位职工年龄与身体状况的有关指标，从中抽取100名职工作为样本，应该怎样抽取？
","﻿一个单位的职工有500人#，其中不到35岁的有125人#，35～49岁的有280人#，50岁以上的有95人．为了了解该单位职工年龄与身体状况的有关指标#，从中抽取100名职工作为样本#，应该怎样抽取？
"
93,"某学校高一、高二、高三年级的学生人数之比为3：3：4，现用分层抽样的方法从该校高中三个年级的学生中抽取容量为50的样本，则应从高二年级抽取______名学生．
","某学校高一、高二、高三年级的学生人数之比为3：3：4#，现用分层抽样的方法从该校高中三个年级的学生中抽取容量为50的样本#，则应从高二年级抽取______名学生．
"
94,"某单位有职工480人，其中青年职工210人，中年职工150人，老年职工120人，为了了解该单位职工的健康情况，用分层抽样的方法从中抽取样本，若样本中的青年职工为7人，则样本容量为______．
","某单位有职工480人#，其中青年职工210人#，中年职工150人#，老年职工120人#，为了了解该单位职工的健康情况#，用分层抽样的方法从中抽取样本#，若样本中的青年职工为7人#，则样本容量为______．
"
95,"某中学高中学生有900名，学校要从中选出9名同学作为国庆60周年庆祝活动的志愿者．已知高一有400名学生，高二有300名学生，高三有200名学生．为了保证每名同学都有参与的资格，学校采用分层抽样的方法抽取．求高一、高二、高三分别抽取学生的人数.
","某中学高中学生有900名#，学校要从中选出9名同学作为国庆60周年庆祝活动的志愿者．已知高一有400名学生#，高二有300名学生#，高三有200名学生．为了保证每名同学都有参与的资格#，学校采用分层抽样的方法抽取．求高一、高二、高三分别抽取学生的人数.
"
96,"三鹿婴幼儿奶粉事件发生后，质检总局紧急开展了关于液态奶三聚氰胺的专项检查．假设蒙牛，伊利，光明三家公司生产的某批次液态奶分别是 2400箱，3600 箱和4000箱，现分层随机抽取500箱进行检验，则蒙牛、光明这两家公司生产的液态奶被抽取箱数之和为（　　）","三鹿婴幼儿奶粉事件发生后$，质检总局紧急开展了关于液态奶三聚氰胺的专项检查．假设蒙牛$，伊利$，光明三家公司生产的某批次液态奶分别是 2400箱$，3600 箱和4000箱#，现分层随机抽取500箱进行检验#，则蒙牛、光明这两家公司生产的液态奶被抽取箱数之和为（　　）"
97,"一个总体分为A，B两层，用分层抽样方法从总体中抽取一个容量为10的样本．已知B层中每个个体被抽到的概率都为1/12 ，则总体中的个体数为______．
","一个总体分为A$，B两层#，用分层抽样方法从总体中抽取一个容量为10的样本．已知B层中每个个体被抽到的概率都为1/12 #，则总体中的个体数为______．
"
98,"某企业有职150人，其中高级职15人，中级职45人，一般职90人，现抽30人进行分层抽样，则各职称人数分别为（　　）
","某企业有职150人#，其中高级职15人#，中级职45人#，一般职90人#，现抽30人进行分层抽样#，则各职称人数分别为（　　）
"
99,"﻿某校有在校高中学生共1600人，其中高一学生520人，高二学生500人，高三学生580人．如果想通过抽查其中的80人来调查学生的消费情况，考虑到学生的年级高低消费情况有明显差别，而同一年级内消费情况差异较小，应当采用 ______的抽样方法，高三学生中应抽查 ______人．
","﻿某校有在校高中学生共1600人#，其中高一学生520人#，高二学生500人#，高三学生580人．如果想通过抽查其中的80人来调查学生的消费情况#，考虑到学生的年级高低消费情况有明显差别#，而同一年级内消费情况差异较小#，应当采用 ______的抽样方法#，高三学生中应抽查 ______人．
"
100,"某学校共有教师490人，其中不到40岁的有350人，40岁及以上的有140人．为了了解普通话在该校中的推广普及情况，用分层抽样的方法，从全体教师中抽取一个容量为70人的样本进行普通话水平测试，其中在不到40岁的教师中应抽取的人数为______．
","某学校共有教师490人#，其中不到40岁的有350人#，40岁及以上的有140人．为了了解普通话在该校中的推广普及情况#，用分层抽样的方法$，从全体教师中抽取一个容量为70人的样本进行普通话水平测试#，其中在不到40岁的教师中应抽取的人数为______．
"
101,"某公司生产三种型号的轿车，产量分别为1200辆、6000辆和2000辆，为检验该公司的产品质量，现用分层抽样的方法抽取46辆进行检验，这三种型号的轿车依次应抽取______辆、______辆、______辆．
","某公司生产三种型号的轿车$，产量分别为1200辆、6000辆和2000辆#，为检验该公司的产品质量#，现用分层抽样的方法抽取46辆进行检验#，这三种型号的轿车依次应抽取______辆、______辆、______辆．
"
102,"某校高一、高二、高三三个年级的学生数分别为1500人、1200人和1000人，现采用按年级分层抽样法了解学生的视力状况，已知高一年级抽查了75人，则这次调查三个年级共抽查了 ______人．
","某校高一、高二、高三三个年级的学生数分别为1500人、1200人和1000人#，现采用按年级分层抽样法了解学生的视力状况#，已知高一年级抽查了75人#，则这次调查三个年级共抽查了 ______人．
"
103,"一个单位有职工160人，其中有业务员104人，管理人员32人，后勤服务人员24人，要从中抽取一个容量为20的样本，用分层抽样的方法抽取样本，则在20人的样本中应抽取管理人员人数为（　　）
","一个单位有职工160人#，其中有业务员104人#，管理人员32人#，后勤服务人员24人#，要从中抽取一个容量为20的样本#，用分层抽样的方法抽取样本$，则在20人的样本中应抽取管理人员人数为（　　）
"
104,"某学校有教师300人，其中高级教师90人，中级教师150人，初级教师60人，为了了解教师收入状况，用分层抽样方法抽取容量为40人的一个样本，则抽取的中级教师人数是______．
","某学校有教师300人#，其中高级教师90人#，中级教师150人#，初级教师60人#，为了了解教师收入状况#，用分层抽样方法抽取容量为40人的一个样本#，则抽取的中级教师人数是______．
"
105,"某村有旱地与水田若干亩，现在需要估计平均亩产量，用按5%比例分层抽样的方法抽取了15亩旱地、45亩水田进行调查，则这个村的旱地与水田的亩数分别为（　　）
","某村有旱地与水田若干亩#，现在需要估计平均亩产量#，用按5%比例分层抽样的方法抽取了15亩旱地、45亩水田进行调查#，则这个村的旱地与水田的亩数分别为（　　）
"
106,"A，B，C三种零件，其中B种零件300个，C种零件200个，采用分层抽样方法抽取一个容量为45的样本，A种零件被抽取20个，C种零件被抽取10个，三种零件总共有______个．
","A$，B$，C三种零件#，其中B种零件300个#，C种零件200个#，采用分层抽样方法抽取一个容量为45的样本#，A种零件被抽取20个#，C种零件被抽取10个#，三种零件总共有______个．
"
107,"从56名男教师和42名女教师中，采用分层抽样的方法，抽出一个容量为14的样本．那么这个样本中的男教师的人数是______
","从56名男教师和42名女教师中#，采用分层抽样的方法$，抽出一个容量为14的样本．那么这个样本中的男教师的人数是______
"
108,"某校有高级教师26人，中级教师104人，其他教师若干人．为了了解该校教师的工资收入情况，若按分层抽样从该校的所有教师中抽取56人进行调查，已知从其他教师中共抽取了16人，则该校共有教师______人．
","某校有高级教师26人#，中级教师104人#，其他教师若干人．为了了解该校教师的工资收入情况#，若按分层抽样从该校的所有教师中抽取56人进行调查#，已知从其他教师中共抽取了16人#，则该校共有教师______人．
"
109,"某地区高中分三类，A类校共有学生4000人，B类校共有学生2000人，C类校共有学生3000人，现欲抽样分析某次考试的情况，若抽取900份试卷进行分析，则从A类校抽取的试卷份数应为（　　）
","某地区高中分三类#，A类校共有学生4000人#，B类校共有学生2000人#，C类校共有学生3000人#，现欲抽样分析某次考试的情况#，若抽取900份试卷进行分析#，则从A类校抽取的试卷份数应为（　　）
"
110,"具有A、B、C三种性质的总体，其容量为63，将A、B、C三种性质的个体按1：2：4的比例进行分层抽样调查．如果抽取的样本容量为21，则A、B、C三种性质的个体应分别抽取（　　）
","具有A、B、C三种性质的总体$，其容量为63#，将A、B、C三种性质的个体按1：2：4的比例进行分层抽样调查．如果抽取的样本容量为21#，则A、B、C三种性质的个体应分别抽取（　　）
"
111,"某学校有老师300人，男学生1200人，女学生1500人．现用分层抽样的方法从所有师生中抽取一个容量为n的样本．已知从男学生中抽取的人数为120，则n等于（　　）
","某学校有老师300人#，男学生1200人#，女学生1500人．现用分层抽样的方法从所有师生中抽取一个容量为n的样本．已知从男学生中抽取的人数为120#，则n等于（　　）
"
112,"某城市有学校500所，其中大学10所，中学200所，小学290所，现在用分层抽样抽取50所学校进行一项调查，应该抽取大学______所，中学______所，小学______所．

","某城市有学校500所#，其中大学10所#，中学200所#，小学290所#，现在用分层抽样抽取50所学校进行一项调查#，应该抽取大学______所#，中学______所#，小学______所．

"
113,"一个总体分为A，B两层，其个体数之比为4：1，用分层抽样方法从总体中抽取一个容量为10的样本，已知B层中抽取的样本数为2，则A层中抽取的样本个数为______．

","一个总体分为A$，B两层$，其个体数之比为4：1#，用分层抽样方法从总体中抽取一个容量为10的样本#，已知B层中抽取的样本数为2#，则A层中抽取的样本个数为______．

"
114,校有行政人员、教学人员和教辅人员共200人，其中教学人员与教辅人员的比为10：1，行政人员有24人，现采取分层抽样容量为50的样本，那么行政人员应抽取的人数为（　　）,校有行政人员、教学人员和教辅人员共200人#，其中教学人员与教辅人员的比为10：1#，行政人员有24人#，现采取分层抽样容量为50的样本#，那么行政人员应抽取的人数为（　　）
115,"2012年11月，强台风“海葵”登陆我国沿海地区，中国气象局也在五年来首次启动重大气象灾害一级应急响应．某社区采用分层抽样对居民进行知晓情况调查．已知该社区的青年人、中年人和老年人分别有500人，1500人，1000人，若在中年人中的抽样人数是75，则在老年人中的抽样人数应该是______．

","2012年11月$，强台风“海葵”登陆我国沿海地区#，中国气象局也在五年来首次启动重大气象灾害一级应急响应．某社区采用分层抽样对居民进行知晓情况调查．已知该社区的青年人、中年人和老年人分别有500人$，1500人$，1000人#，若在中年人中的抽样人数是75#，则在老年人中的抽样人数应该是______．

"
116,某连队身高符合建国60周年国庆阅兵标准的士兵共有45人，其中18岁～19岁的士兵有15人，20岁～22岁的士兵有20人，23岁以上的士兵有10人，若该连队有9个参加阅兵的名额，如果按年龄分层选派士兵，那么，该连队年龄在23岁以上的士兵参加阅兵的人数为（　　）,某连队身高符合建国60周年国庆阅兵标准的士兵共有45人#，其中18岁～19岁的士兵有15人#，20岁～22岁的士兵有20人#，23岁以上的士兵有10人#，若该连队有9个参加阅兵的名额#，如果按年龄分层选派士兵#，那么$，该连队年龄在23岁以上的士兵参加阅兵的人数为（　　）
117,"某单位有老年人27人，中年人54人，青年人81人，为调查身体健康状况，需要从中抽取一个容量为36的样本，用分层抽样方法应分别从老年人、中年人、青年人中应各抽取______．

","某单位有老年人27人#，中年人54人#，青年人81人#，为调查身体健康状况#，需要从中抽取一个容量为36的样本#，用分层抽样方法应分别从老年人、中年人、青年人中应各抽取______．

"
118,"某中学有900位同学，其中高一有400名学生，高二有300名学生，高三有200名学生，现从中抽取45人作问卷调查，用分层抽样方法确定高一、高二、高三3个层面上取的学生数分别为（　　）
","某中学有900位同学#，其中高一有400名学生#，高二有300名学生#，高三有200名学生#，现从中抽取45人作问卷调查#，用分层抽样方法确定高一、高二、高三3个层面上取的学生数分别为（　　）
"
119,"某学校有在编人员160人，其中行政人员16人，教师112人，后勤人员32人，教育部门为了解决学校机构改革意见，要从中抽取一个容量为20的样本，若用分层抽样法，则行政人员应抽取______人，教师应抽取______人，后勤人员应抽取______人．

","某学校有在编人员160人#，其中行政人员16人#，教师112人#，后勤人员32人#，教育部门为了解决学校机构改革意见#，要从中抽取一个容量为20的样本#，若用分层抽样法#，则行政人员应抽取______人#，教师应抽取______人#，后勤人员应抽取______人．

"
120,"调查队想从某学校108名高中生，90名初中生，12名教师中，用分层抽样的方法抽取一个容量为n的样本，要求初中生有6人，则抽取的样本容量n为 ______人．

","调查队想从某学校108名高中生#，90名初中生#，12名教师中#，用分层抽样的方法抽取一个容量为n的样本#，要求初中生有6人#，则抽取的样本容量n为 ______人．

"
121,"某中学高中学生有900名．为了考察他们的体重状况，打算抽取容量为45的一个样本．已知高一有400名学生，高二有300名学生，高三有200名学生．应采用什么抽样方式？高一、二、三各抽取多少名学生？

","某中学高中学生有900名．为了考察他们的体重状况#，打算抽取容量为45的一个样本．已知高一有400名学生#，高二有300名学生#，高三有200名学生．应采用什么抽样方式？高一、二、三各抽取多少名学生？

"
122,"某校有老师200人，男学生1200人，女学生1000人，现用分层抽样的方法从所有师生中抽取一个容量为N的样本，已知女学生中抽取的人数为80，则N=______．

","某校有老师200人#，男学生1200人#，女学生1000人#，现用分层抽样的方法从所有师生中抽取一个容量为N的样本#，已知女学生中抽取的人数为80#，则N=______．

"
123,"某单位有青年职工300人，中年职工150人，老年职工100人．为调查职工健康状况，采用分层抽样的方法，抽取容量为33的样本，则应从老年职工中抽取的人数为______．

","某单位有青年职工300人#，中年职工150人#，老年职工100人．为调查职工健康状况#，采用分层抽样的方法$，抽取容量为33的样本#，则应从老年职工中抽取的人数为______．

"
124,"某大学共有本科生5000人，其中一、二、三、四年级的人数比为4：3：2：1，要用分层抽样的方法从所有本科生中抽取一个容量为200的样本，则应抽取三年级的学生人数为（　　）
","某大学共有本科生5000人#，其中一、二、三、四年级的人数比为4：3：2：1#，要用分层抽样的方法从所有本科生中抽取一个容量为200的样本#，则应抽取三年级的学生人数为（　　）
"
125,"某学校在校学生2000人，为了迎接2010年亚运会，学校举行了亚运会跑步和爬山比赛活动，每人都参加而且只参加其中一项比赛，高一级、高二级、高三级参与跑步比赛的人数分别为a、b、c，高一级、高二级、高三级参与爬山比赛的人数分别为x、y、z，其中a：b：c=2：5：3，全校参与爬山的人数占总人数的1/4．为了了解学生对本次活动的满意程度，从中抽取一个200人的样本进行调查，则高三参与跑步的学生中应抽取（　　）


","某学校在校学生2000人#，为了迎接2010年亚运会$，学校举行了亚运会跑步和爬山比赛活动#，每人都参加而且只参加其中一项比赛#，高一级、高二级、高三级参与跑步比赛的人数分别为a、b、c#，高一级、高二级、高三级参与爬山比赛的人数分别为x、y、z#，其中a：b：c=2：5：3#，全校参与爬山的人数占总人数的1/4．为了了解学生对本次活动的满意程度#，从中抽取一个200人的样本进行调查#，则高三参与跑步的学生中应抽取（　　）


"
126,"某高校中文、数学、英语、体育四个专业分别有400、300、150、150名学生，为了了解学生的就业倾向，用分层抽样的方法从该校这四个专业共抽取n名学生进行调查，其中中文学生抽取了16名，则体育专业抽取的学生人数为______人．

","某高校中文、数学、英语、体育四个专业分别有400、300、150、150名学生#，为了了解学生的就业倾向#，用分层抽样的方法从该校这四个专业共抽取n名学生进行调查#，其中中文学生抽取了16名#，则体育专业抽取的学生人数为______人．

"
127,"某工厂甲、乙、丙三个车间生产了同一种产品，数量分别为120件，80件，60件．为了解它们的产品质量是否存在显著差异，用分层抽样方法抽取了一个容量为n的样本进行调查，其中从丙车间的产品中抽取了3件，则n=（　　）

","某工厂甲、乙、丙三个车间生产了同一种产品$，数量分别为120件$，80件$，60件．为了解它们的产品质量是否存在显著差异#，用分层抽样方法抽取了一个容量为n的样本进行调查#，其中从丙车间的产品中抽取了3件#，则n=（　　）

"
128,"某学校有3000名学生，其中高三年级有900名学生．为调查学生的学习时间情况，采用分层抽样的方法抽取一个容量为150的样本，则样本高三年级的学生人数为（　　）

","某学校有3000名学生#，其中高三年级有900名学生．为调查学生的学习时间情况#，采用分层抽样的方法抽取一个容量为150的样本#，则样本高三年级的学生人数为（　　）

"
129,"某中学初一年级540人，初二年级440人，初三年级420人，用分层抽样的方法，抽取容量为70的样本，则初一、初二、初三三个年级分别抽取（　　）


","某中学初一年级540人#，初二年级440人#，初三年级420人#，用分层抽样的方法$，抽取容量为70的样本#，则初一、初二、初三三个年级分别抽取（　　）


"
130,"设甲、乙、丙三个加工厂共生产玩具6000件，其中甲厂生产了1440件．现采用分层抽样的方法从三个加工厂抽取一个容量为500件的样本进行质量检测，则应从甲加工厂抽取______件玩具．

","设甲、乙、丙三个加工厂共生产玩具6000件#，其中甲厂生产了1440件．现采用分层抽样的方法从三个加工厂抽取一个容量为500件的样本进行质量检测#，则应从甲加工厂抽取______件玩具．

"
131,"一个公司共有240名员工，下设三部门，要采用分层抽样方法从全体员工中抽取一个容量为20的样本．已知甲部门有36名员工，那么从甲部门抽取的员工人数是______．

","一个公司共有240名员工#，下设三部门#，要采用分层抽样方法从全体员工中抽取一个容量为20的样本．已知甲部门有36名员工#，那么从甲部门抽取的员工人数是______．

"
132,"某公司生产三种型号的轿车，产量分别为A型号1200辆、B型号6000辆和C型号2000辆．为检验这三种型号轿车的质量，现用分层抽样的方法抽取46辆进行检验，那么C型号的轿车应抽取______辆．

","某公司生产三种型号的轿车$，产量分别为A型号1200辆、B型号6000辆和C型号2000辆．为检验这三种型号轿车的质量#，现用分层抽样的方法抽取46辆进行检验#，那么C型号的轿车应抽取______辆．

"
133,"某学校共有教师400人，其中不到40岁的有250人，40岁及以上的有150人，为检查普通话在该校普及情况，用分层抽样的方法，从全体教师中抽取一个容量为80人的样本进行普通话水平测试，在不到40岁的教师中应抽取的人数是______．

","某学校共有教师400人#，其中不到40岁的有250人#，40岁及以上的有150人#，为检查普通话在该校普及情况#，用分层抽样的方法$，从全体教师中抽取一个容量为80人的样本进行普通话水平测试#，在不到40岁的教师中应抽取的人数是______．

"
134,"在900个零件中，有一级品400个，二级品300个，三级品200个，现采用分层抽样抽取容量为45的样本，那么一级品，二级品，三级品抽取的个数分别为 ______．

","在900个零件中#，有一级品400个#，二级品300个#，三级品200个#，现采用分层抽样抽取容量为45的样本#，那么一级品$，二级品$，三级品抽取的个数分别为 ______．

"
135,"要从165个人中抽取15人进行身体检查，现采用分层抽样的方法进行抽取，若这165人中老人的人数为22人，则老年人中被抽到参加健康检查的人数是（　　）


","要从165个人中抽取15人进行身体检查#，现采用分层抽样的方法进行抽取#，若这165人中老人的人数为22人#，则老年人中被抽到参加健康检查的人数是（　　）


"
136,"某商场销售甲、乙、丙三种不同型号的钢笔，甲、乙、丙三种型号钢笔数量之比依次为 2：3：4．现用分层抽样的方法抽出一个容量为n的样本，其中甲型钢笔有12支，则此样本容量n=______．","某商场销售甲、乙、丙三种不同型号的钢笔#，甲、乙、丙三种型号钢笔数量之比依次为 2：3：4．现用分层抽样的方法抽出一个容量为n的样本#，其中甲型钢笔有12支#，则此样本容量n=______．"
137,"某校共有在校生750人，高一年级350人，高二年级250人，高三年级150人，为了了解该校学生的健康情况，用分层抽样的方法从中抽取样本．若样本中高一年级为7人，则样本容量为（　　）

","某校共有在校生750人#，高一年级350人#，高二年级250人#，高三年级150人#，为了了解该校学生的健康情况#，用分层抽样的方法从中抽取样本．若样本中高一年级为7人#，则样本容量为（　　）

"
138,"某学校高一年级500名学生中，血型为O型的有200人，A型的有125人，B型的有125人，AB型的有50人，为了研究血型与色弱之间的关系，用分层抽样的方法抽取一个容量为40的样本，则在血型为O型的学生中应抽取______人．
","某学校高一年级500名学生中#，血型为O型的有200人#，A型的有125人#，B型的有125人#，AB型的有50人#，为了研究血型与色弱之间的关系#，用分层抽样的方法抽取一个容量为40的样本#，则在血型为O型的学生中应抽取______人．
"
139,"某地区有A、B、C三家养鸡场，养鸡的数量分别是12000、8000、4000只，为了预防禽流感，现用合适的抽样方法从中抽取一个容量为120只的样本检查疫情，则应从A、B、C三家养鸡场分别抽取的个体数为 ______．

","某地区有A、B、C三家养鸡场$，养鸡的数量分别是12000、8000、4000只#，为了预防禽流感#，现用合适的抽样方法从中抽取一个容量为120只的样本检查疫情#，则应从A、B、C三家养鸡场分别抽取的个体数为 ______．

"
140,"某市有大型、中型与小型商店共1500家，它们的家数之比为1：5：9．用分层抽样抽取其中的30家进行调查，则中型商店应抽出（　　）家．


","某市有大型、中型与小型商店共1500家$，它们的家数之比为1：5：9．用分层抽样抽取其中的30家进行调查#，则中型商店应抽出（　　）家．


"
141,"一个单位有职工800人，期中具有高级职称的160人，具有中级职称的320人，具有初级职称的200人，其余人员120人．为了解职工收入情况，决定采用分层抽样的方法，从中抽取容量为40的样本．则从上述各层中依次抽取的人数分别是（　　）


","一个单位有职工800人#，期中具有高级职称的160人#，具有中级职称的320人#，具有初级职称的200人#，其余人员120人．为了解职工收入情况#，决定采用分层抽样的方法$，从中抽取容量为40的样本．则从上述各层中依次抽取的人数分别是（　　）


"
142,"某汽车经销商在国庆长假中销售了高级轿车54辆，中级轿车108辆，经济型轿车162辆，现要对其中36辆车进行售后调查，为了使调查更具代表性，则应选（　　）

","某汽车经销商在国庆长假中销售了高级轿车54辆#，中级轿车108辆#，经济型轿车162辆#，现要对其中36辆车进行售后调查#，为了使调查更具代表性$，则应选（　　）

"
143,"学校A有学生200人，学校B有学生300人，学校C有学生500人，从这三所学校的学生中用分层抽样的方法共得到20人当代表，则学校A、B、C依次抽得的人数是 ______．

","学校A有学生200人#，学校B有学生300人#，学校C有学生500人#，从这三所学校的学生中用分层抽样的方法共得到20人当代表#，则学校A、B、C依次抽得的人数是 ______．

"
144,"为了调查城市PM2.5的值，按地域把36个城市分成甲、乙、丙三组，对应的城市数分别为6，12，18．若用分层抽样的方法抽取12个城市，则乙组中应抽取的城市数为______．

","为了调查城市PM2.5的值#，按地域把36个城市分成甲、乙、丙三组$，对应的城市数分别为6$，12$，18．若用分层抽样的方法抽取12个城市#，则乙组中应抽取的城市数为______．

"
145,"某大型超市销售的乳类商品有四种：液态奶、酸奶、婴幼儿奶粉、成人奶粉，且液态奶、酸奶、婴幼儿奶粉、成人奶粉分别有40种、10种、30种、20种不同的品牌，现从中抽取一个容量为20的样本进行三聚氰胺安全检测．若采用分层抽样的方法抽取样本，则抽取的酸奶与成人奶粉品牌数之和是______．

","某大型超市销售的乳类商品有四种：液态奶、酸奶、婴幼儿奶粉、成人奶粉#，且液态奶、酸奶、婴幼儿奶粉、成人奶粉分别有40种、10种、30种、20种不同的品牌#，现从中抽取一个容量为20的样本进行三聚氰胺安全检测．若采用分层抽样的方法抽取样本#，则抽取的酸奶与成人奶粉品牌数之和是______．

"
146,"某单位老、中、青人数之比依次为2：3：5．现采用分层抽样方法从中抽出一个容量为n的样本，若样本中中年人人数为12，则此样本的容量n为（　　）


","某单位老、中、青人数之比依次为2：3：5．现采用分层抽样方法从中抽出一个容量为n的样本#，若样本中中年人人数为12#，则此样本的容量n为（　　）


"
147,"某地区有小学21所，中学14所，大学7所，现采取分层抽样的方法从这些学校中抽取6所学校对学生进行视力调查．求应从小学、中学、大学中分别抽取的学校数目．

","某地区有小学21所#，中学14所#，大学7所#，现采取分层抽样的方法从这些学校中抽取6所学校对学生进行视力调查．求应从小学、中学、大学中分别抽取的学校数目．

"
148,"某校全国数学联赛的代表队由77名高三学生，63名高二学生和14名高一学生组成，现用分层抽样的方法抽取一个44人的样本，那么应在高三，高二，高一的学生中抽取的人数分别为（　　）

","某校全国数学联赛的代表队由77名高三学生$，63名高二学生和14名高一学生组成#，现用分层抽样的方法抽取一个44人的样本#，那么应在高三$，高二$，高一的学生中抽取的人数分别为（　　）

"
149,"某年级有三个班级，人数分别为45、50、55，为加强班级学生民主化管理，拟就某项决策进行问卷调查，按分层抽样的方法抽取30人，则各个班级被抽取的人数分别为______．

","某年级有三个班级$，人数分别为45、50、55#，为加强班级学生民主化管理#，拟就某项决策进行问卷调查#，按分层抽样的方法抽取30人#，则各个班级被抽取的人数分别为______．

"
150,"某校1000名学生中，O型血有400人，A型血有250人，B型血有250人，AB型血有100人，为了研究血型与性格的关系，按照分层抽样的方法从中抽取样本．如果从A型血中抽取了10人，则从AB型血中应当抽取的人数为（　　）


","某校1000名学生中#，O型血有400人#，A型血有250人#，B型血有250人#，AB型血有100人#，为了研究血型与性格的关系#，按照分层抽样的方法从中抽取样本．如果从A型血中抽取了10人#，则从AB型血中应当抽取的人数为（　　）


"
151,"某城市有学校500所，其中大学10所，中学200所，小学290所，现在选取50所学校进行学生的视力调查，应采取______方法，其中大学取______所，中学取______所，小学取______所．

","某城市有学校500所#，其中大学10所#，中学200所#，小学290所#，现在选取50所学校进行学生的视力调查#，应采取______方法#，其中大学取______所#，中学取______所#，小学取______所．

"
152,"一个工厂有若干个车间，今采用分层抽样法从全厂某天的2000件产品中抽取一个容量为200的样本进行质量检查，若一车间这一天生产了80件产品，则从该车间抽取的产品件数为（　　）

","一个工厂有若干个车间#，今采用分层抽样法从全厂某天的2000件产品中抽取一个容量为200的样本进行质量检查#，若一车间这一天生产了80件产品#，则从该车间抽取的产品件数为（　　）

"
153,"某校对全校男女学生共1200名进行健康调查，选用分层抽样抽取一个容量为200的样本，已知男生比女生多抽了10人，则该校男生人数为______人．

","某校对全校男女学生共1200名进行健康调查#，选用分层抽样抽取一个容量为200的样本#，已知男生比女生多抽了10人#，则该校男生人数为______人．

"
154,"要从其中有50个红球的1000个球中，采用按颜色分层抽样的方法抽取100个进行分析，则应抽取红球的个数为（　　）


","要从其中有50个红球的1000个球中#，采用按颜色分层抽样的方法抽取100个进行分析#，则应抽取红球的个数为（　　）


"
155,"某校共有学生2000人，其中高三年级有学生700人．为调查“亿万学生阳光体育运动”的落实情况，现采用按年级分层抽样的方法，从该校学生中抽取一个容量为400的样本，那么样本中高三年级的学生人数是______．

","某校共有学生2000人#，其中高三年级有学生700人．为调查“亿万学生阳光体育运动”的落实情况#，现采用按年级分层抽样的方法$，从该校学生中抽取一个容量为400的样本#，那么样本中高三年级的学生人数是______．

"
156,"某质量监督局要对某厂6月份生产的三种型号的轿车进行抽检，已知6月份该厂共生产甲种轿车1400辆，乙种轿车6000辆，丙种轿车2000辆．现采用分层抽样的方法抽取47辆轿车进行检验，则甲、乙、丙三种型号的轿车依次应抽取（　　）
","某质量监督局要对某厂6月份生产的三种型号的轿车进行抽检#，已知6月份该厂共生产甲种轿车1400辆#，乙种轿车6000辆#，丙种轿车2000辆．现采用分层抽样的方法抽取47辆轿车进行检验#，则甲、乙、丙三种型号的轿车依次应抽取（　　）
"
157,"某社区有600个家庭，其中高收入家庭150户，中等收入家庭360户，低收人家庭90户，为了调查购买力的某项指标，用分层抽样的方法从中抽取一个容量为l00的样本，则中等收入家庭应抽取的户数是______．

","某社区有600个家庭#，其中高收入家庭150户#，中等收入家庭360户#，低收人家庭90户#，为了调查购买力的某项指标#，用分层抽样的方法从中抽取一个容量为l00的样本#，则中等收入家庭应抽取的户数是______．

"
158,"某大学中文系共有本科生5000人，其中一、二、三、四年级的学生比为5：4：3：1，要用分层抽样的方法从该系所有本科生中抽取一个容量为260的样本，则应抽二年级的学生（　　）


","某大学中文系共有本科生5000人#，其中一、二、三、四年级的学生比为5：4：3：1#，要用分层抽样的方法从该系所有本科生中抽取一个容量为260的样本#，则应抽二年级的学生（　　）


"
159,"某学校数学兴趣小组有10名学生，其中有4名女同学；英语兴趣小组有5名学生，其中有3名女学生，现采用分层抽样方法（层内采用不放回简单随机抽样）从数学兴趣小组、英语兴趣小组中共抽取3名学生参加科技节活动．求从数学兴趣小组、英语兴趣小组各抽取的人数.

","某学校数学兴趣小组有10名学生#，其中有4名女同学；英语兴趣小组有5名学生#，其中有3名女学生#，现采用分层抽样方法（层内采用不放回简单随机抽样）从数学兴趣小组、英语兴趣小组中共抽取3名学生参加科技节活动．求从数学兴趣小组、英语兴趣小组各抽取的人数.

"
160,"在100个产品中，一等品20个，二等品30个，三等品50个，用分层抽样的方法抽取一个容量20的样本，则二等品中A被抽取到的概率为（　　）
","在100个产品中#，一等品20个#，二等品30个#，三等品50个#，用分层抽样的方法抽取一个容量20的样本#，则二等品中A被抽取到的概率为（　　）
"
161,"某校高中三个年级共有学生2000人，且高一、高二、高三学生人数之比为5：3：2．现要从全体高中学生中抽取一个容量为20的样本，则应采用______的方法抽取样本，并且该样本在高二年级抽取的人数为______．

","某校高中三个年级共有学生2000人#，且高一、高二、高三学生人数之比为5：3：2．现要从全体高中学生中抽取一个容量为20的样本#，则应采用______的方法抽取样本#，并且该样本在高二年级抽取的人数为______．

"
162,"某学校有体育特长生25人，美术特长生35人，音乐特长生40人．用分层抽样的方法从中抽取40人，则抽取的体育特长生、美术特长生、音乐特长生的人数分别为（　　）
","某学校有体育特长生25人#，美术特长生35人#，音乐特长生40人．用分层抽样的方法从中抽取40人#，则抽取的体育特长生、美术特长生、音乐特长生的人数分别为（　　）
"
163,"为了了解某市开展群众体育活动的情况，拟采用分层抽样的方法从A、B、C三个区抽取5个工厂进行调查．已知这三个区分别有9，18，18个工厂．求从A、B、C三个区中分别抽取的工厂的个数．
","为了了解某市开展群众体育活动的情况#，拟采用分层抽样的方法从A、B、C三个区抽取5个工厂进行调查．已知这三个区分别有9$，18$，18个工厂．求从A、B、C三个区中分别抽取的工厂的个数．
"
164,"某校高三年级共1200名学生，现采用分层抽样方法抽取一个容量为200的样本进行健康状况调查，若抽到男生比女生多10人，则该校男生共有（　　）
","某校高三年级共1200名学生#，现采用分层抽样方法抽取一个容量为200的样本进行健康状况调查#，若抽到男生比女生多10人#，则该校男生共有（　　）
"
165,"为了了解某市工厂开展群众体育活动的情况，拟采用分层抽样的方法从A，B，C三个区中抽取7个工厂进行调查，已知A，B，C区中分别有18，27，18个工厂。求从A，B，C区中应分别抽取的工厂个数.
","为了了解某市工厂开展群众体育活动的情况#，拟采用分层抽样的方法从A$，B$，C三个区中抽取7个工厂进行调查#，已知A$，B$，C区中分别有18$，27$，18个工厂。求从A$，B$，C区中应分别抽取的工厂个数.
"
166,"某地区有小学21所，中学14所，大学7所，现采用分层抽样的方法从这些学校中抽取6所学校对学生进行视力调查。求应从小学、中学、大学中分别抽取的学校数目.

","某地区有小学21所#，中学14所#，大学7所#，现采用分层抽样的方法从这些学校中抽取6所学校对学生进行视力调查。求应从小学、中学、大学中分别抽取的学校数目.

"
167,"为了解某地区中学生的身体发育状况，拟采用分层抽样的方法从甲、乙、丙三所中学抽取6个教学班进行调查．已知甲、乙、丙三所中学分别有12，6，18个教学班．求从甲、乙、丙三所中学中分别抽取的教学班的个数.
","为了解某地区中学生的身体发育状况#，拟采用分层抽样的方法从甲、乙、丙三所中学抽取6个教学班进行调查．已知甲、乙、丙三所中学分别有12$，6$，18个教学班．求从甲、乙、丙三所中学中分别抽取的教学班的个数.
"
168,"某车间甲组有10名工人，其中有4名女工人；乙组有5名工人，其中有3名女工人，现采用分层抽样方法（层内采用不放回简单随机抽样）从甲、乙两组中共抽取3名工人进行技术考核． 求从甲、乙两组各抽取的人数.

","某车间甲组有10名工人#，其中有4名女工人；乙组有5名工人#，其中有3名女工人#，现采用分层抽样方法（层内采用不放回简单随机抽样）从甲、乙两组中共抽取3名工人进行技术考核． 求从甲、乙两组各抽取的人数.

"
169,"某地区的高中分三类，A类学校共有学生4000人，B类学校共有学生2000人，C类学校共有学生3000人，现欲抽样分析某次考试的情况，若抽取900份试卷进行分析，则从A类学校抽取的试卷分数应为[  ]
","某地区的高中分三类#，A类学校共有学生4000人#，B类学校共有学生2000人#，C类学校共有学生3000人#，现欲抽样分析某次考试的情况#，若抽取900份试卷进行分析#，则从A类学校抽取的试卷分数应为[  ]
"
170,"有A、B、C三种零件，分别为a个，300个，200个，采用分层抽样抽取一个容量为45的样本，其中C种零件抽取了10个，则此三种零件共有（    ）个。","有A、B、C三种零件$，分别为a个$，300个$，200个#，采用分层抽样抽取一个容量为45的样本#，其中C种零件抽取了10个#，则此三种零件共有（    ）个。"
171,"用分层抽样的方法从某校学生中抽取一个容量为45的样本，其中高一年级抽20人，高三年级抽10人，已知该校高二年级共有学生300人，则该校学生总数是（    ）人。","用分层抽样的方法从某校学生中抽取一个容量为45的样本#，其中高一年级抽20人#，高三年级抽10人#，已知该校高二年级共有学生300人#，则该校学生总数是（    ）人。"
172,某企业有职工150人，其中高级职称15人，中级职称45人，一般职员90人。现抽取30人分析其收入情况，你认为应该如何抽取？,某企业有职工150人#，其中高级职称15人#，中级职称45人#，一般职员90人。现抽取30人分析其收入情况#，你认为应该如何抽取？
173,"某地区有300家商店，其中大型商店有30家，中型商店有75家，小型商店有195家．为了掌握各商店的营业情况，要从中抽取一个容量为20的样本．若采用分层抽样的方法，抽取的中型商店数是（　　）
","某地区有300家商店#，其中大型商店有30家#，中型商店有75家#，小型商店有195家．为了掌握各商店的营业情况#，要从中抽取一个容量为20的样本．若采用分层抽样的方法#，抽取的中型商店数是（　　）
"
174,某高校甲、乙、丙、丁四个专业分别有150、150、400、300名学生，为了解学生的就业倾向，用分层抽样的方法从该校这四个专业共抽取50名学生进行调查，应在丙专业抽取的学生人数为______．,某高校甲、乙、丙、丁四个专业分别有150、150、400、300名学生#，为了解学生的就业倾向#，用分层抽样的方法从该校这四个专业共抽取50名学生进行调查#，应在丙专业抽取的学生人数为______．
175,"某校有高级教师26人，中级教师104人，其他教师若干人。为了了解该校教师的工资收入情况，若按分层抽样从该校的所有教师中抽取56人进行调查，已知从其他教师中共抽取了16人，则该校共有教师（    ）人。","某校有高级教师26人#，中级教师104人#，其他教师若干人。为了了解该校教师的工资收入情况#，若按分层抽样从该校的所有教师中抽取56人进行调查#，已知从其他教师中共抽取了16人#，则该校共有教师（    ）人。"
176,"一个总体分为A、B两层，用分层抽样方法从总体中抽取一个容量为30的样本，已知B层中每个个体被抽到的概率都是1/12，则总体中的个体数为（    ）。","一个总体分为A、B两层#，用分层抽样方法从总体中抽取一个容量为30的样本#，已知B层中每个个体被抽到的概率都是1/12#，则总体中的个体数为（    ）。"
177,"某工厂生产A、B、C三种不同型号的产品，产品数量之比依次为2：3：5。现用分层抽样的方法抽出一个容量为n的样本，样本中A种型号的产品共有16件，那么此样本的容量为[    ]","某工厂生产A、B、C三种不同型号的产品$，产品数量之比依次为2：3：5。现用分层抽样的方法抽出一个容量为n的样本#，样本中A种型号的产品共有16件#，那么此样本的容量为[    ]"
178,"某单位有老年人，中年人，青年人依次为25人，35人，40人，用分层抽样的方法抽取40人，则老、中、青的人数依次为[   ]","某单位有老年人$，中年人$，青年人依次为25人$，35人$，40人#，用分层抽样的方法抽取40人#，则老、中、青的人数依次为[   ]"
179,"某学院的A，B，C三个专业共有1200名学生，为了调查这些学生勤工俭学的情况，拟采用分层抽样的方法抽取一个容量为120的样本。已知该学院的A专业有380名学生，B专业有420名学生，则在该学院的C专业中应抽取（    ）名学生。","某学院的A$，B$，C三个专业共有1200名学生#，为了调查这些学生勤工俭学的情况#，拟采用分层抽样的方法抽取一个容量为120的样本。已知该学院的A专业有380名学生#，B专业有420名学生#，则在该学院的C专业中应抽取（    ）名学生。"
180,"将一个总数分为A、B、C三层，其个体数之比为5：3：2。若用分层抽样方法抽取容量为100的样本，则应从C中抽取（    ）个个体。","将一个总数分为A、B、C三层$，其个体数之比为5：3：2。若用分层抽样方法抽取容量为100的样本#，则应从C中抽取（    ）个个体。"
181,"某大学数学系共有本科生5000人，其中一、二、三、四年级的人数比为4：3：2：1，要用分层抽样的方法从所有本科生中抽取一个容量为200的样本，则应抽取三年级的学生人数为[    ]","某大学数学系共有本科生5000人#，其中一、二、三、四年级的人数比为4：3：2：1#，要用分层抽样的方法从所有本科生中抽取一个容量为200的样本#，则应抽取三年级的学生人数为[    ]"
182,某电视台在因特网上就观众对某一节目的喜爱程度进行调查，参加调查的总人数为12000人，其中持“很喜爱”、“喜爱”、“一般”和“不喜爱”态度的人数分别为2435、4567、3926、1072，电视台为了进一步了解观众的具体想法和意见，打算从中再抽取60人进行更为详细的调查，应怎样进行抽样？,某电视台在因特网上就观众对某一节目的喜爱程度进行调查#，参加调查的总人数为12000人#，其中持“很喜爱”、“喜爱”、“一般”和“不喜爱”态度的人数分别为2435、4567、3926、1072#，电视台为了进一步了解观众的具体想法和意见#，打算从中再抽取60人进行更为详细的调查#，应怎样进行抽样？
183,某公司有职工210人，其中管理人员20人，后勤保安人员30人，业务人员160人，为了了解职工的文化生活情况，要从中抽取一个容量为21的样本，应采取何种抽样方法？业务人员应该抽取多少人？,某公司有职工210人#，其中管理人员20人#，后勤保安人员30人#，业务人员160人#，为了了解职工的文化生活情况#，要从中抽取一个容量为21的样本#，应采取何种抽样方法？业务人员应该抽取多少人？
184,"采用分层抽样的方法抽取一个容量为45的样本，高一年级被抽取20人，高三年级被抽取10人，高二年级共有300人，则这个学校共有高中学生（    ）人。","采用分层抽样的方法抽取一个容量为45的样本#，高一年级被抽取20人#，高三年级被抽取10人#，高二年级共有300人#，则这个学校共有高中学生（    ）人。"
185,某社区对居民进行上海世博会知晓情况的分层抽样调查，已知该社区的青年人、中年人和老年人分别有800人、1600人、1400人，若在老年人中的抽样人数是70，则在中年人中的抽样人数应该是（   ）,某社区对居民进行上海世博会知晓情况的分层抽样调查#，已知该社区的青年人、中年人和老年人分别有800人、1600人、1400人#，若在老年人中的抽样人数是70#，则在中年人中的抽样人数应该是（   ）
186,"某校有学生2000人，其中高三学生500人，为了解学生的身体素质情况，采用按年级分层抽样的方法，从该校学生中抽取一个200人的样本，则样本中高三学生的人数为（    ）。","某校有学生2000人#，其中高三学生500人#，为了解学生的身体素质情况#，采用按年级分层抽样的方法$，从该校学生中抽取一个200人的样本#，则样本中高三学生的人数为（    ）。"
187,"某校共有学生2000名，一年级男、女生分别有377、373人，二年级男、女生分别有370、380人，现用分层抽样的方法在全校抽取64名学生，则应在三年级抽取的学生人数为[   ]","某校共有学生2000名#，一年级男、女生分别有377、373人#，二年级男、女生分别有370、380人#，现用分层抽样的方法在全校抽取64名学生#，则应在三年级抽取的学生人数为[   ]"
188,某校有高中生1200人，初中生900人，老师120人，现用分层抽样的方法从所有师生中抽取一个容量为N的样本；已知从初中生中抽取人数为60人，那么N=______．,某校有高中生1200人#，初中生900人#，老师120人#，现用分层抽样的方法从所有师生中抽取一个容量为N的样本；已知从初中生中抽取人数为60人#，那么N=______．
189,"某地区有300家商店，其中大型商店有30家，中型商店有75家，小型商店有195家。为了掌握各商店的营业情况，要从中抽取一个容量为20的样本。若采用分层抽样的方法，抽取的中型商店数是[   ]","某地区有300家商店#，其中大型商店有30家#，中型商店有75家#，小型商店有195家。为了掌握各商店的营业情况#，要从中抽取一个容量为20的样本。若采用分层抽样的方法#，抽取的中型商店数是[   ]"
190,某单位有职工750人，其中青年职工350人，中年职工250人，老年职工150人，为了了解该单位职工的健康情况，用分层抽样的方法从中抽取样本。若样本中的青年职工为7人，则样本容量为（  ）。,某单位有职工750人#，其中青年职工350人#，中年职工250人#，老年职工150人#，为了了解该单位职工的健康情况$，用分层抽样的方法从中抽取样本。若样本中的青年职工为7人#，则样本容量为（  ）。
191,"课题组进行城市农空气质量调查，按地域把24个城市分成甲、乙、丙三组，对应城市数分别为4、12、8。若用分层抽样抽取6个城市，则丙组中应抽取的城市数为（    ）。
","课题组进行城市农空气质量调查#，按地域把24个城市分成甲、乙、丙三组$，对应城市数分别为4、12、8。若用分层抽样抽取6个城市#，则丙组中应抽取的城市数为（    ）。
"
192,"一汽车厂生产A，B，C三类轿车，每类轿车均有舒适型和标准型两种型号，某月A类轿车的产量为舒适型100辆、标准型300辆，B类轿车的产量为舒适型150辆、标准型450辆，C类轿车的产量为舒适型z辆、标准型600辆，按类型分层抽样的方法在这个月生产的轿车中抽取50辆，其中有A类轿车10辆，用分层抽样的方法在C类轿车中抽取一个容量为5的样本。将该样本看成一个总体，从中任取2辆，求至少有1辆舒适型轿车的概率； 
","一汽车厂生产A$，B$，C三类轿车$，每类轿车均有舒适型和标准型两种型号#，某月A类轿车的产量为舒适型100辆、标准型300辆#，B类轿车的产量为舒适型150辆、标准型450辆#，C类轿车的产量为舒适型z辆、标准型600辆#，按类型分层抽样的方法在这个月生产的轿车中抽取50辆#，其中有A类轿车10辆#，用分层抽样的方法在C类轿车中抽取一个容量为5的样本。将该样本看成一个总体$，从中任取2辆#，求至少有1辆舒适型轿车的概率； 
"
193,"一个工厂有若干个车间，今采用分层抽样法从全厂某天的2048件产品抽取一个容量为128的样本进行质量检查，若一车间这一天生产256件产品，则从该车间抽取的产品件数为（    ）。","一个工厂有若干个车间#，今采用分层抽样法从全厂某天的2048件产品抽取一个容量为128的样本进行质量检查#，若一车间这一天生产256件产品#，则从该车间抽取的产品件数为（    ）。"
194,"某单位共有老、中、青职工430人，其中有青年职工160人，中年职工人数是老年职工人数的2倍，为了解职工身体状况，现采用分层抽样方法进行调查，在抽取的样本中有青年职工32人，则该样本的老年职工人数为[   ]","某单位共有老、中、青职工430人#，其中有青年职工160人#，中年职工人数是老年职工人数的2倍#，为了解职工身体状况#，现采用分层抽样方法进行调查#，在抽取的样本中有青年职工32人#，则该样本的老年职工人数为[   ]"
195,"﻿某单位200名职工中50岁以上的占20%，40-50岁的占30%，40岁以下的占50%，现要从中抽取40名职工作样本，若用分层抽样方法，则40岁以下年龄段应抽取[   ]","﻿某单位200名职工中50岁以上的占20%#，40-50岁的占30%#，40岁以下的占50%#，现要从中抽取40名职工作样本#，若用分层抽样方法#，则40岁以下年龄段应抽取[   ]"
196,"某社区现有480个住户，其中中等收入家庭200户、低收入家庭160户，其他为高收入家庭。在建设幸福广东的某次分层抽样调查中，高收入家庭被抽取了6户，则该社区本次被抽取的总户数为[   ]","某社区现有480个住户#，其中中等收入家庭200户、低收入家庭160户$，其他为高收入家庭。在建设幸福广东的某次分层抽样调查中#，高收入家庭被抽取了6户#，则该社区本次被抽取的总户数为[   ]"
197,一支田径队有男队员56人，女队员42人，用分层抽样的方法从全体运动员中抽出一个容量为28的样本，则应抽取男队员的人数为（　　）,一支田径队有男队员56人#，女队员42人#，用分层抽样的方法从全体运动员中抽出一个容量为28的样本#，则应抽取男队员的人数为（　　）
198,"某校有老师200人，男学生1200人，女学生1000人。现用分层抽样的方法从所有师生中抽取一个容量为n的样本；已知从女学生中抽取的人数为80人，则n=（    ）。","某校有老师200人#，男学生1200人#，女学生1000人。现用分层抽样的方法从所有师生中抽取一个容量为n的样本；已知从女学生中抽取的人数为80人#，则n=（    ）。"
199,"某中学高一、高二、高三学生人数之比依次为2：3：5，现用分层抽样的方法抽出一个样本容量为n的样本，样本中高三学生有150人，那么n的值等于（    ）。","某中学高一、高二、高三学生人数之比依次为2：3：5#，现用分层抽样的方法抽出一个样本容量为n的样本#，样本中高三学生有150人#，那么n的值等于（    ）。"
200,交通管理部门为了解机动车驾驶员（简称驾驶员）对某新法规的知晓情况，对甲、乙、丙、丁四个社区做分层抽样调查．假设四个社区驾驶员的总人数为N，其中甲社区有驾驶员96人．若在甲、乙、丙、丁四个社区抽取驾驶员的人数分别为12，21，25，43，则这四个社区驾驶员的总人数N为（　　）,交通管理部门为了解机动车驾驶员（简称驾驶员）对某新法规的知晓情况#，对甲、乙、丙、丁四个社区做分层抽样调查．假设四个社区驾驶员的总人数为N#，其中甲社区有驾驶员96人．若在甲、乙、丙、丁四个社区抽取驾驶员的人数分别为12$，21$，25$，43#，则这四个社区驾驶员的总人数N为（　　）
201,"某中学高中一年级有400人，高中二年级有320人，高中三年级有280人，现采取分层抽样的方法从三个年级中抽取一个容量为200人的样本，则高一年级应抽取的人数为[     ]","某中学高中一年级有400人#，高中二年级有320人#，高中三年级有280人#，现采取分层抽样的方法从三个年级中抽取一个容量为200人的样本#，则高一年级应抽取的人数为[     ]"
202,"某学校高一、高二、高三共有学生3500人，其中高三学生数是高一学生数的两倍，高二学生数比高一学生数多300人，现在按1/100的抽样比用分层抽样的方法抽取样本，则应抽取高一学生数为（　　）
","某学校高一、高二、高三共有学生3500人#，其中高三学生数是高一学生数的两倍#，高二学生数比高一学生数多300人#，现在按1/100的抽样比用分层抽样的方法抽取样本#，则应抽取高一学生数为（　　）
"
203,"某林场有树苗30000棵，其中松树苗4000棵，为调查树苗的生长情况，采用分层抽样的方法抽取一个容量为150的样本，则样本中松树苗的数量为[   ]","某林场有树苗30000棵#，其中松树苗4000棵#，为调查树苗的生长情况#，采用分层抽样的方法抽取一个容量为150的样本#，则样本中松树苗的数量为[   ]"
204,"将一个总体分为A、B、C三层，其个体数之比为5：3：2。若用分层抽样方法抽取容量为100的样本，则应从C中抽取（    ）个个体。","将一个总体分为A、B、C三层$，其个体数之比为5：3：2。若用分层抽样方法抽取容量为100的样本#，则应从C中抽取（    ）个个体。"
205,"一个单位有职工800人，其中具有高级职称的160人，具有中级职称的320人，具有初级职称的200人，其余人员120人，为了解职工收入情况，决定采用分层抽样的方法，从中抽取容量为40的样本。则从上述各层中依次抽取的人数分别是[  ]","一个单位有职工800人#，其中具有高级职称的160人#，具有中级职称的320人#，具有初级职称的200人#，其余人员120人#，为了解职工收入情况#，决定采用分层抽样的方法$，从中抽取容量为40的样本。则从上述各层中依次抽取的人数分别是[  ]"
206,某电视台在一次对收看文艺节目和新闻节目观众的抽样调查中，随机抽取了100名电视观众，其中收看文艺节目的观众中20至40岁的有40人、大于40岁有15人，收看新闻节目的观众中20至40岁的有18人、大于40岁有27人。用分层抽样方法在收看新闻节目的观众中随机抽取5名，大于40岁的观众应该抽取几名？ ,某电视台在一次对收看文艺节目和新闻节目观众的抽样调查中$，随机抽取了100名电视观众#，其中收看文艺节目的观众中20至40岁的有40人、大于40岁有15人#，收看新闻节目的观众中20至40岁的有18人、大于40岁有27人。用分层抽样方法在收看新闻节目的观众中随机抽取5名#，大于40岁的观众应该抽取几名？ 
207,"﻿某学校高一学生210人，高二学生270人，高三学生300人，校学生会用分层抽样的方法从这三个年级的学生中随机抽取n名学生进行问卷调查。如果已知从高一学生中抽取的人数为7，那么从高三中抽取的人数应为[     ]","﻿某学校高一学生210人#，高二学生270人#，高三学生300人#，校学生会用分层抽样的方法从这三个年级的学生中随机抽取n名学生进行问卷调查。如果已知从高一学生中抽取的人数为7#，那么从高三中抽取的人数应为[     ]"
208,"某工厂生产A，B，C三种不同型号的产品，产品数量之比依次为3：4：7，现用分层抽样的方法取出一个容量为n的样本，样本中B型号产品有28件，那么此样本的容量n=[     ]","某工厂生产A$，B$，C三种不同型号的产品$，产品数量之比依次为3：4：7#，现用分层抽样的方法取出一个容量为n的样本#，样本中B型号产品有28件#，那么此样本的容量n=[     ]"
209,"某校在2011年高考报名中有男生800人、女生600人，现要从中抽取一个容量为35的样本，则男生、女生抽取的人数分别为[     ]","某校在2011年高考报名中有男生800人、女生600人#，现要从中抽取一个容量为35的样本#，则男生、女生抽取的人数分别为[     ]"
210,"某校对全校男女学生共1600名进行健康调查，选用分层抽样法抽取一个容量为200的样本，已知女生抽了95人，则该校的女生人数应是（    ）人。","某校对全校男女学生共1600名进行健康调查#，选用分层抽样法抽取一个容量为200的样本#，已知女生抽了95人#，则该校的女生人数应是（    ）人。"
211,"一个总体分为A、B、C三层，其中个体数之比为4：3：3，若用分层抽样的方法抽取容量为200的样本，则应从B中抽取的个体数为[   ]","一个总体分为A、B、C三层$，其中个体数之比为4：3：3#，若用分层抽样的方法抽取容量为200的样本#，则应从B中抽取的个体数为[   ]"
212,"某大型超市销售的乳类商品有四种：纯奶、酸奶、婴幼儿奶粉、成人奶粉，且纯奶、酸奶、婴幼儿奶粉、成人奶粉分别有30种、10种、35种、25种不同的品牌。现采用分层抽样的方法从中抽取一个容量为n的样本进行三聚氰胺安全检测，若抽取的婴幼儿奶粉的品牌数是7，则n=（    ）。","某大型超市销售的乳类商品有四种：纯奶、酸奶、婴幼儿奶粉、成人奶粉#，且纯奶、酸奶、婴幼儿奶粉、成人奶粉分别有30种、10种、35种、25种不同的品牌。现采用分层抽样的方法从中抽取一个容量为n的样本进行三聚氰胺安全检测#，若抽取的婴幼儿奶粉的品牌数是7#，则n=（    ）。"
213,"今年某市有高二学生3万人，其中女生1万人，为调查了解新课改教材使用情况，采用分层抽样的方法从高二学生中抽取一个容量为150的样本，则样本中女生的数量为[     ]","今年某市有高二学生3万人#，其中女生1万人#，为调查了解新课改教材使用情况#，采用分层抽样的方法从高二学生中抽取一个容量为150的样本#，则样本中女生的数量为[     ]"
214,"某工厂生产A，B，C三种不同型号的产品，产品数量之比为3：4：7，现在用分层抽样的方法抽取容量为n的样本，样本中A型号产品有15件，那么样本容量n为（    ）","某工厂生产A$，B$，C三种不同型号的产品$，产品数量之比为3：4：7#，现在用分层抽样的方法抽取容量为n的样本#，样本中A型号产品有15件#，那么样本容量n为（    ）"
215,"某校高三有1000个学生，高二有1200个学生，高一有1500个学生，现按年级分层抽样，调查学生的视力情况，若高一抽取了75人，则全校共抽取了（    ）人。","某校高三有1000个学生#，高二有1200个学生#，高一有1500个学生#，现按年级分层抽样$，调查学生的视力情况#，若高一抽取了75人#，则全校共抽取了（    ）人。"
216,"某单位有职工750人，其中青年职工350人，中年职工250人，老年职工150人，为了了解该单位职工的健康情况，用分层抽样的方法从中抽取样本．若样本中的青年职工为7人，则样本容量为（　　）
","某单位有职工750人#，其中青年职工350人#，中年职工250人#，老年职工150人#，为了了解该单位职工的健康情况#，用分层抽样的方法从中抽取样本．若样本中的青年职工为7人#，则样本容量为（　　）
"
217,"某工厂生产某种产品5000件，它们来自甲、乙、丙3条不同的生产线．为检查这批产品的质量，决定采用分层抽样的方法进行抽样．若从甲、乙、丙三条生产线抽取的件数之比为1：2：2，则乙生产线生产了（    ）件产品．
","某工厂生产某种产品5000件$，它们来自甲、乙、丙3条不同的生产线．为检查这批产品的质量$，决定采用分层抽样的方法进行抽样．若从甲、乙、丙三条生产线抽取的件数之比为1：2：2#，则乙生产线生产了（    ）件产品．
"
218,某校对全校1000名男女学生进行课外阅读情况调查，采用分层抽样法抽取一个容量为200的样本，已知女生抽了80人，则该校的男生数为______．,某校对全校1000名男女学生进行课外阅读情况调查#，采用分层抽样法抽取一个容量为200的样本#，已知女生抽了80人#，则该校的男生数为______．
219,"某单位共有老、中、青职工430人，其中青年职工160人，中年职工人数是老年职工人数的2倍。为了解职工身体状况，现采用分层抽样方法进行调查，在抽取的样本中有青年职工32人，则该样本中的老年职工人数为[     ]","某单位共有老、中、青职工430人#，其中青年职工160人#，中年职工人数是老年职工人数的2倍。为了解职工身体状况#，现采用分层抽样方法进行调查#，在抽取的样本中有青年职工32人#，则该样本中的老年职工人数为[     ]"
220,东方超市某天进有普通蔬菜和无公害蔬菜若干，现按5%的比例分层抽样，抽取315千克普通蔬菜和45千克无公害蔬菜进行分析，则该超市共有蔬菜______千克．,东方超市某天进有普通蔬菜和无公害蔬菜若干#，现按5%的比例分层抽样#，抽取315千克普通蔬菜和45千克无公害蔬菜进行分析#，则该超市共有蔬菜______千克．
221,"一个单位共有职工200人，其中不超过45岁的有120人，超过45岁的有80人．为了调查职工的健康状况，用分层抽样的方法从全体职工中抽取一个容量为25的样本，应抽取超过45岁的职工（    ）人．","一个单位共有职工200人#，其中不超过45岁的有120人#，超过45岁的有80人．为了调查职工的健康状况#，用分层抽样的方法从全体职工中抽取一个容量为25的样本#，应抽取超过45岁的职工（    ）人．"
222,"某校有学生2000人，其中高三学生500人。为了解学生的身体素质情况，采用按年级分层抽样方法，从该校学生中抽取一个200人的样本，则样本中高三学生的人数为（    ）。","某校有学生2000人#，其中高三学生500人。为了解学生的身体素质情况#，采用按年级分层抽样方法$，从该校学生中抽取一个200人的样本#，则样本中高三学生的人数为（    ）。"
223,甲校有3600名学生，乙校有5400名学生，丙校有1800名学生，为统计三校学生某方面的情况，计划采用分层抽样法，抽取一个样本容量为90人的样本，应在这三校分别抽取学生[   ],甲校有3600名学生#，乙校有5400名学生#，丙校有1800名学生#，为统计三校学生某方面的情况#，计划采用分层抽样法$，抽取一个样本容量为90人的样本#，应在这三校分别抽取学生[   ]
224,"为了解对2010年广州亚运会的满意度，组委会决定采用分层抽样的方法，从700名记者、运动员、裁判中抽取容量为35的一个样本，其中，记者240人，运动员360人，裁判100人，则从上述各类人员中依次抽取的人数分别是[     ]","为了解对2010年广州亚运会的满意度#，组委会决定采用分层抽样的方法$，从700名记者、运动员、裁判中抽取容量为35的一个样本#，其中$，记者240人#，运动员360人#，裁判100人#，则从上述各类人员中依次抽取的人数分别是[     ]"
225,"某学校共有师生2400人，现用分层抽样的方法，从所有师生中抽取一个容量为160的样本，已知从学生中抽取的人数为150，那么该学校的教师人数是（    ）。","某学校共有师生2400人#，现用分层抽样的方法$，从所有师生中抽取一个容量为160的样本#，已知从学生中抽取的人数为150#，那么该学校的教师人数是（    ）。"
226,"某学院A、B、C三个专业共有1200名学生，为了调查这些学生勤工俭学的情况，拟采用分层抽样的方法抽取一个容量为120的样本。已知该学院的A专业有380名学生，B专业有420名学生，则在该学院的C专业应抽取（    ）名学生。","某学院A、B、C三个专业共有1200名学生#，为了调查这些学生勤工俭学的情况#，拟采用分层抽样的方法抽取一个容量为120的样本。已知该学院的A专业有380名学生#，B专业有420名学生#，则在该学院的C专业应抽取（    ）名学生。"
227,"一支田径队有男运动员48人，女运动员36人，若用分层抽样的方法从该队的全体运动员中抽取一个容量为21的样本，则抽取男运动员的人数为（    ）。","一支田径队有男运动员48人#，女运动员36人#，若用分层抽样的方法从该队的全体运动员中抽取一个容量为21的样本#，则抽取男运动员的人数为（    ）。"
228,某工厂生产A、B、C三种不同型号的产品，产品数量这比依次为1600，1600，4800．现用分层抽样的方法抽出一个容量为N的样本，样本中A种型号的产品共有16件，那么此样本的容量N=______件,某工厂生产A、B、C三种不同型号的产品$，产品数量这比依次为1600$，1600$，4800．现用分层抽样的方法抽出一个容量为N的样本#，样本中A种型号的产品共有16件#，那么此样本的容量N=______件
229,"某市有大型超市200家、中型超市400家、小型超市1400 家。为掌握各类超市的营业情况，现按分层抽样方法抽取一个容量为100的样本，应抽取中型超市（    ）家。","某市有大型超市200家、中型超市400家、小型超市1400 家。为掌握各类超市的营业情况#，现按分层抽样方法抽取一个容量为100的样本#，应抽取中型超市（    ）家。"
230,"某大学共有学生5600人，其中专科生1300人、本科生3000人、研究生1300人，现采用分层抽样的方法调查学生利用因特网查找学习资料的情况，抽取的样本为280人，则在专科生、本科生与研究生这三类学生中分别抽取的人数为（  ）。","某大学共有学生5600人#，其中专科生1300人、本科生3000人、研究生1300人#，现采用分层抽样的方法调查学生利用因特网查找学习资料的情况$，抽取的样本为280人#，则在专科生、本科生与研究生这三类学生中分别抽取的人数为（  ）。"
231,某单位有老年人27人，中年人54人，青年人81人，为了调查他们的身体状况的某项指标，采用分层抽样从他们中间抽取样本，若从老年人中抽取人数是6人，则抽取的样本的人数是______．,某单位有老年人27人#，中年人54人#，青年人81人#，为了调查他们的身体状况的某项指标#，采用分层抽样从他们中间抽取样本#，若从老年人中抽取人数是6人#，则抽取的样本的人数是______．
232,"某商场有四类商品，其中粮食类、植物油类、动物性食品类及果蔬类分别有40种、10种、30种、20种，现从中抽取一个容量为20的样本进行食品安全检测，若采用分层抽样的方法抽取样本，则抽取的植物油类与果蔬类食品种数之和是[  ]","某商场有四类商品#，其中粮食类、植物油类、动物性食品类及果蔬类分别有40种、10种、30种、20种#，现从中抽取一个容量为20的样本进行食品安全检测#，若采用分层抽样的方法抽取样本#，则抽取的植物油类与果蔬类食品种数之和是[  ]"
233,"某学院的A，B，C三个专业共有1200名学生．为了调查这些学生勤工俭学的情况，拟采用分层抽样的方法抽取一个容量为120的样本．已知该学院的A专业有380名学生，B专业有420名学生，则在该学院的C专业应抽取（  ）名学生。","某学院的A$，B$，C三个专业共有1200名学生．为了调查这些学生勤工俭学的情况#，拟采用分层抽样的方法抽取一个容量为120的样本．已知该学院的A专业有380名学生#，B专业有420名学生#，则在该学院的C专业应抽取（  ）名学生。"
234,"某校高一年级有学生x人，高二年级有学生900人，高三年级有学生y人，若采用分层抽样的方法抽一个容量为370人的样本，高一年级抽取120人，高三年级抽取100人，该中学三个年级共有学生[   ]","某校高一年级有学生x人#，高二年级有学生900人#，高三年级有学生y人#，若采用分层抽样的方法抽一个容量为370人的样本#，高一年级抽取120人#，高三年级抽取100人#，该中学三个年级共有学生[   ]"
235,"某校选修乒乓球课程的学生中，高一年级有30名，高二年级有40名，现用分层抽样的方法在这70名学生中抽取一个样本，已知在高一年级的学生中抽取了6名，则在高二年级的学生中应抽取的人数为[ ]","某校选修乒乓球课程的学生中#，高一年级有30名#，高二年级有40名#，现用分层抽样的方法在这70名学生中抽取一个样本#，已知在高一年级的学生中抽取了6名#，则在高二年级的学生中应抽取的人数为[ ]"
236,"﻿某工厂生产A、B、C三种不同型号的产品，产品数量之比依次为2:3:5，现用分层抽样方法抽出一个容量为n的样本，样本中A种型号产品有16件.那么此样本的容量n=         .
","﻿某工厂生产A、B、C三种不同型号的产品#，产品数量之比依次为2:3:5#，现用分层抽样方法抽出一个容量为n的样本#，样本中A种型号产品有16件.那么此样本的容量n=         .
"
237,"﻿某校有老师200人，男学生1200人，女学生1000人.现用分层抽样的方法从所有师生中抽取一个容量为n的样本；已知从女学生中抽取的人数为80人，则n=            . 

","﻿某校有老师200人#，男学生1200人#，女学生1000人.现用分层抽样的方法从所有师生中抽取一个容量为n的样本；已知从女学生中抽取的人数为80人#，则n=            . 

"
238,﻿一工厂生产了某种产品16800件，它们来自甲，乙，丙3条生产线，为检查这批产品的质量，决定采用分层抽样的方法进行抽样，已知甲，乙，丙三条生产线抽取的个体数组成一个等差数列，则乙生产线生产了多少件产品？,﻿一工厂生产了某种产品16800件#，它们来自甲$，乙$，丙3条生产线#，为检查这批产品的质量#，决定采用分层抽样的方法进行抽样#，已知甲$，乙$，丙三条生产线抽取的个体数组成一个等差数列#，则乙生产线生产了多少件产品？
239,﻿某学校共有教师490人，其中不到40岁的有140人，40岁以上的有350人。为了解普通话在该校教师中的推广普及情况，用分层抽样的方法，从全体教师中抽取一个样本容量为70人的样本进行普通话水平测试，其中在不到40岁的教师中应抽取的人数是多少？,﻿某学校共有教师490人#，其中不到40岁的有140人#，40岁以上的有350人。为了解普通话在该校教师中的推广普及情况#，用分层抽样的方法$，从全体教师中抽取一个样本容量为70人的样本进行普通话水平测试#，其中在不到40岁的教师中应抽取的人数是多少？
240,﻿某学校共有师生2400人，现用分层抽样的方法，从所有师生中抽取一个容量为160的样本，已知从学生中抽取的人数为150，那么该学校的教师人数是多少？,﻿某学校共有师生2400人#，现用分层抽样的方法$，从所有师生中抽取一个容量为160的样本#，已知从学生中抽取的人数为150#，那么该学校的教师人数是多少？
241,"﻿甲校有3600名学生，乙校有5400名学生，丙校有1800名学生，为统计三校学生某方面的情况，计划采用分层抽样法，抽取一个容量为90人的样本，应在这三校分别抽取学生（）

","﻿甲校有3600名学生#，乙校有5400名学生#，丙校有1800名学生#，为统计三校学生某方面的情况#，计划采用分层抽样法#，抽取一个容量为90人的样本#，应在这三校分别抽取学生（）

"
242,"﻿某地区有300家商店，其中大型商店有30家，中型商店有75家，小型商店有195家。为了掌握各商店的营业情况，要从中抽取一个容量为20的样本。若采用分层抽样的方法，抽取的中型商店数是（）

","﻿某地区有300家商店#，其中大型商店有30家#，中型商店有75家#，小型商店有195家#。为了掌握各商店的营业情况#，要从中抽取一个容量为20的样本。若采用分层抽样的方法#，抽取的中型商店数是（）

"
243,"﻿某校有学生2000人，其中高三学生500人．为了解学生的身体素质情况，采用按年级分层抽样的方法，从该校学生中抽取一个200人的样本．则样本中高三学生的人数为___________．

","﻿某校有学生2000人#，其中高三学生500人．为了解学生的身体素质情况#，采用按年级分层抽样的方法$，从该校学生中抽取一个200人的样本．则样本中高三学生的人数为___________．

"
244,"﻿某个公司共有1000名员工，下设一些部门，要采用分层抽样方法从全体员工中抽取一个容量为50的样本，已知某部门有200名员工，那么从该部门抽取的员工人数是多少？

","﻿某个公司共有1000名员工#，下设一些部门#，要采用分层抽样方法从全体员工中抽取一个容量为50的样本#，已知某部门有200名员工#，那么从该部门抽取的员工人数是多少？

"
245,"﻿某林场有树苗30000棵，其中松树苗4000棵．为调查树苗的生长情况，采用分层抽样的方法抽取一个容量为150的样本，则样本中松树苗的数量为（    ）

","﻿某林场有树苗30000棵#，其中松树苗4000棵．为调查树苗的生长情况#，采用分层抽样的方法抽取一个容量为150的样本#，则样本中松树苗的数量为（    ）

"
246,"﻿一个单位共有职工200人，其中不超过45岁的有120人，超过45岁的有80人．为了调查职工的健康状况，用分层抽样的方法从全体职工中抽取一个容量为25的样本，应抽取超过45岁的职工多少人？

","﻿一个单位共有职工200人#，其中不超过45岁的有120人#，超过45岁的有80人．为了调查职工的健康状况#，用分层抽样的方法从全体职工中抽取一个容量为25的样本#，应抽取超过45岁的职工多少人？

"
247,"﻿某企业有3个分厂生产同一种电子产品，第一、二、三分厂的产量之比为1：2：1，用分层抽样方法（每个分厂的产品为一层）从3个分厂生产的电子产品中共取100件作使用寿命的测试，由所得的测试结果算得从第一、二、三分厂取出的产品的使用寿命的平均值分别为980h，1020h，1032h，则抽取的100件产品的使用寿命的平均值为多少？
","﻿某企业有3个分厂生产同一种电子产品#，第一、二、三分厂的产量之比为1：2：1#，用分层抽样方法（每个分厂的产品为一层）从3个分厂生产的电子产品中共取100件作使用寿命的测试#，由所得的测试结果算得从第一、二、三分厂取出的产品的使用寿命的平均值分别为980h$，1020h$，1032h#，则抽取的100件产品的使用寿命的平均值为多少？
"
248,"﻿某学院的A，B，C三个专业共有1200名学生，为了调查这些学生勤工俭学的情况，拟采用分层抽样的方法抽取一个容量为120的样本。已知该学院的A专业有380名学生，B专业有420名学生，则在该学院的C专业应抽取____名学生。

","﻿某学院的A$，B$，C三个专业共有1200名学生#，为了调查这些学生勤工俭学的情况#，拟采用分层抽样的方法抽取一个容量为120的样本。已知该学院的A专业有380名学生#，B专业有420名学生#，则在该学院的C专业应抽取____名学生。

"
249,"﻿为了了解某工厂开展群众体育活动的情况，拟采用分层抽样的方法从A，B，C三个区中抽取7个工厂进行调查，已知A，B，C区中分别有18，27，18个工厂。求从A，B，C区中分别抽取的工厂个数。

","﻿为了了解某工厂开展群众体育活动的情况#，拟采用分层抽样的方法从A$，B$，C三个区中抽取7个工厂进行调查#，已知A$，B$，C区中分别有18$，27$，18个工厂。求从A$，B$，C区中分别抽取的工厂个数。

"
250,"﻿一个单位有职工800人，其中具有高级职称的160人，具有中级职称的320人，具有初级职称的200人，其余人员120人.为了解职工收入情况，决定采用分层抽样的方法，从中抽取容量为40的样本.则从上述各层中依次抽取的人数分别是（）

","﻿一个单位有职工800人#，其中具有高级职称的160人#，具有中级职称的320人#，具有初级职称的200人#，其余人员120人.为了解职工收入情况#，决定采用分层抽样的方法$，从中抽取容量为40的样本.则从上述各层中依次抽取的人数分别是（）

"
251,"﻿某社区对居民进行上海世博会知晓情况的分层抽样调查。已知该社区的青年人、中年人和老年人分别有800人、1600人、1400人。若在老年人中的抽样人数是70，则在中年人中的抽样人数应该是多少？
","﻿某社区对居民进行上海世博会知晓情况的分层抽样调查。已知该社区的青年人、中年人和老年人分别有800人、1600人、1400人。若在老年人中的抽样人数是70#，则在中年人中的抽样人数应该是多少？
"
252,"﻿某单位有职工750人，其中青年职工350人，中年职工250人，老年职工150人，为了了解该单位职工的健康情况，用分层抽样的方法从中抽取样本. 若样本中的青年职工为7人，则样本容量为（）

","﻿某单位有职工750人#，其中青年职工350人#，中年职工250人#，老年职工150人#，为了了解该单位职工的健康情况#，用分层抽样的方法从中抽取样本. 若样本中的青年职工为7人#，则样本容量为（）

"
253,﻿某校选修乒乓球课程的学生中，高一年级有30名，高二年级有40名。现用分层抽样的方法在这70名学生中抽取一个样本，已知在高一年级的学生中抽取了6名，则在高二年级的学生中应抽取的人数为（）,﻿某校选修乒乓球课程的学生中#，高一年级有30名#，高二年级有40名。现用分层抽样的方法在这70名学生中抽取一个样本#，已知在高一年级的学生中抽取了6名#，则在高二年级的学生中应抽取的人数为（）
254,"﻿某高校甲、乙、丙、丁四个专业分别有150、150、400、300名学生，为了解学生的就业倾向，用分层抽样的方法从该校这四个专业共抽取40名学生进行调查，应在丙专业抽取的学生人数为多少？

","﻿某高校甲、乙、丙、丁四个专业分别有150、150、400、300名学生#，为了解学生的就业倾向#，用分层抽样的方法从该校这四个专业共抽取40名学生进行调查#，应在丙专业抽取的学生人数为多少？

"
255,"﻿某市有大型超市200家、中型超市400家、小型超市1400家。为掌握各类超市的营业情况，现按分层抽样方法抽取一个容量为100的样本，应抽取中型超市__________家。
","﻿某市有大型超市200家、中型超市400家、小型超市1400家。为掌握各类超市的营业情况#，现按分层抽样方法抽取一个容量为100的样本#，应抽取中型超市__________家。
"
256,"﻿一支田径队有男运动员48人，女运动员36人，若用分层抽样的方法从该队的全体运动员中抽取一个容量为21的样本，则抽取男运动员的人数为___________
","﻿一支田径队有男运动员48人#，女运动员36人#，若用分层抽样的方法从该队的全体运动员中抽取一个容量为21的样本#，则抽取男运动员的人数为___________
"
257,"﻿某学校高一、高二、高三年级的学生人数之比为3:3:4，现用分层抽样的方法从该校高中三个年级的学生中抽取容量为50的样本，则应从高二年级抽取多少名学生？

","﻿某学校高一、高二、高三年级的学生人数之比为3:3:4#，现用分层抽样的方法从该校高中三个年级的学生中抽取容量为50的样本#，则应从高二年级抽取多少名学生？

"
258,"﻿某工厂甲、乙、丙三个车间生产了同一种产品，数量分别为120件，80件，60件。为了解它们的产品质量是否存在显著差异，用分层抽样方法抽取了一个容量为n的样本进行调查，其中从丙车间的产品中抽取了3件，则n=（）
","﻿某工厂甲、乙、丙三个车间生产了同一种产品#，数量分别为120件$，80件$，60件。为了解它们的产品质量是否存在显著差异#，用分层抽样方法抽取了一个容量为n的样本进行调查#，其中从丙车间的产品中抽取了3件#，则n=（）
"
259,"﻿某高校共有15000人，其中男生10500人，女生4500人，为调查该校学生每周平均体育运动时间的情况，采用分层抽样的方法，收集300位学生每周平均体育运动时间的样本数据（单位:小时），应收集多少位女生样本数据？


","﻿某高校共有15000人#，其中男生10500人#，女生4500人#，为调查该校学生每周平均体育运动时间的情况#，采用分层抽样的方法$，收集300位学生每周平均体育运动时间的样本数据（单位:小时）#，应收集多少位女生样本数据？


"
260,"﻿甲、乙两套设备生产的同类型产品共4800件，采用分层抽样的方法从中抽取一个容量为80的样本进行质量检测. 若样本中有50件产品由甲设备生产，则乙设备生产的产品总数为多少件？

","﻿甲、乙两套设备生产的同类型产品共4800件#，采用分层抽样的方法从中抽取一个容量为80的样本进行质量检测. 若样本中有50件产品由甲设备生产#，则乙设备生产的产品总数为多少件？

"
261,"﻿某校高一、高二、高三分别有学生1600名、1200名、800名，为了解该校高中学生的牙齿健康状况，按各年级的学生数进行分层抽样，若高三抽取20名学生，则高一、高二共抽取的学生数为多少？

","﻿某校高一、高二、高三分别有学生1600名、1200名、800名#，为了解该校高中学生的牙齿健康状况#，按各年级的学生数进行分层抽样#，若高三抽取20名学生#，则高一、高二共抽取的学生数为多少？

"
262,"﻿某大学为了解在校本科生对参加某项社会实践活动的意向，拟采用分层抽样的方法，从该校四个年级的本科生中抽取一个容量为300的样本进行调查.已知该校一年级、二年级、三年级、四年级的本科生人数之比为4：5：5：6，则应从一年级本科生中抽取_______名学生.

","﻿某大学为了解在校本科生对参加某项社会实践活动的意向#，拟采用分层抽样的方法$，从该校四个年级的本科生中抽取一个容量为300的样本进行调查.已知该校一年级、二年级、三年级、四年级的本科生人数之比为4：5：5：6#，则应从一年级本科生中抽取_______名学生.

"
263,"﻿某中学有高中生3500人，初中生1500人，为了解学生的学习情况，用分层抽样的方法从该校学生中抽取一个容量为n的样本，已知从高中生中抽取70人，则n为（   ）

","﻿某中学有高中生3500人#，初中生1500人#，为了解学生的学习情况#，用分层抽样的方法从该校学生中抽取一个容量为n的样本#，已知从高中生中抽取70人#，则n为（   ）

"
